date,Latitude,Longitude,Available_Memory,Upload_Rate,Download_Rate,Battery_Remain,Current_CPU_Frequency
2023-08-15 23:08:25,113.4093718,23.0233274,1533497344.0,364.0,128.0,100.0,90.24146695715324
2023-08-15 23:08:25,113.4093718,23.0233274,1523367936.0,240.0,0.0,100.0,89.89197530864197
2023-08-15 23:23:29,113.4093718,23.0233274,1302716416.0,608.0,608.0,100.0,89.57927225471086
2023-08-15 23:38:34,113.4093718,23.0233274,1239384064.0,0.0,0.0,100.0,89.29783950617283
2023-08-15 23:53:39,113.4093718,23.0233274,1619918848.0,0.0,0.0,100.0,89.04320987654322
2023-08-16 02:16:10,113.4093718,23.0233274,1437999104.0,0.0,0.0,100.0,88.81172839506172
2023-08-16 02:31:11,113.4093718,23.0233274,1403265024.0,40549.0,38760.0,100.0,88.6003757380569
2023-08-16 02:46:12,113.4093718,23.0233274,1388724224.0,521.0,340.0,100.0,88.40663580246915
2023-08-16 03:01:14,113.4093718,23.0233274,1588981760.0,156.0,236.0,100.0,88.2283950617284
2023-08-16 03:16:15,113.4093718,23.0233274,1502240768.0,0.0,300.0,100.0,88.06386514719848
2023-08-16 03:31:18,113.4093718,23.0233274,1427062784.0,60.0,0.0,100.0,87.91152263374487
2023-08-16 03:46:20,113.4093718,23.0233274,1512058880.0,0.0,0.0,100.0,87.77006172839506
2023-08-16 04:01:23,113.4093718,23.0233274,1638658048.0,0.0,0.0,100.0,87.63835674755215
2023-08-16 04:16:24,113.4093718,23.0233274,1558097920.0,0.0,306.0,100.0,87.51543209876543
2023-08-16 04:31:27,113.4093718,23.0233274,1540247552.0,72.0,64.0,100.0,87.40043807248108
2023-08-16 04:46:29,113.4093718,23.0233274,1530187776.0,140.0,0.0,100.0,87.29263117283952
2023-08-16 05:01:30,113.4093718,23.0233274,1576574976.0,0.0,0.0,100.0,87.19135802469137
2023-08-16 05:16:33,113.4093718,23.0233274,1610985472.0,0.0,5602.0,100.0,86.70501309390198
2023-08-16 05:31:34,113.4093718,23.0233274,1561743360.0,0.0,0.0,100.0,86.21866816311262
2023-08-16 05:46:36,113.4093718,23.0233274,1516109824.0,477.0,598.0,100.0,85.73232323232322
2023-08-16 06:01:37,113.4093718,23.0233274,1638240256.0,0.0,459.0,100.0,85.73232323232322
2023-08-16 06:16:39,113.4093718,23.0233274,1616883712.0,2474.0,1578.0,100.0,85.24597830153387
2023-08-16 06:31:40,113.4093718,23.0233274,1571794944.0,0.0,0.0,100.0,85.24597830153385
2023-08-16 06:46:41,113.4093718,23.0233274,1541275648.0,0.0,72.0,100.0,85.24597830153385
2023-08-16 07:01:43,113.4093718,23.0233274,1673871360.0,0.0,72.0,100.0,85.24597830153385
2023-08-16 07:16:44,113.4093718,23.0233274,1698136064.0,0.0,0.0,100.0,85.73232323232322
2023-08-16 07:31:46,113.4093718,23.0233274,1548922880.0,0.0,0.0,100.0,86.3823419378975
2023-08-16 07:46:49,113.4093718,23.0233274,1412030464.0,0.0,0.0,100.0,86.672278338945
2023-08-16 08:01:51,113.4093718,23.0233274,1463775232.0,0.0,0.0,100.0,87.14459408903852
2023-08-16 08:16:52,113.4093718,23.0233274,1665798144.0,9358.0,8183.0,100.0,87.6309390198279
2023-08-16 08:31:54,113.4094602,23.0225902,1550848000.0,0.0,40.0,100.0,88.11728395061729
2023-08-16 08:46:55,113.4094602,23.0225902,1413390336.0,0.0,0.0,100.0,88.4072203516648
2023-08-16 09:01:56,113.4094602,23.0225902,1606549504.0,0.0,0.0,100.0,88.80471380471381
2023-08-16 09:16:58,113.4094602,23.0225902,1527091200.0,1863.0,551.0,100.0,89.29105873550319
2023-08-16 09:31:59,113.4094602,23.0225902,1552756736.0,0.0,0.0,100.0,89.76337448559671
2023-08-16 09:47:00,113.4094602,23.0225902,1572843520.0,715.0,715.0,100.0,90.24971941638609
2023-08-16 10:02:02,113.4094602,23.0225902,1570492416.0,0.0,702.0,100.0,90.70800598578376
2023-08-16 10:17:03,113.4094602,23.0225902,1535885312.0,0.0,0.0,100.0,91.19435091657314
2023-08-16 10:32:06,113.4094602,23.0225902,1456652288.0,0.0,0.0,100.0,91.44219977553311
2023-08-16 10:47:07,113.4094602,23.0225902,1466953728.0,4368.0,4368.0,100.0,91.92854470632248
2023-08-16 11:02:08,113.4094602,23.0225902,1639628800.0,0.0,0.0,100.0,92.41488963711186
2023-08-16 11:17:11,113.4094602,23.0225902,1557803008.0,4368.0,4368.0,100.0,92.81238309016088
2023-08-16 11:32:12,113.4094602,23.0225902,1541160960.0,0.0,0.0,100.0,93.29872802095024
2023-08-16 11:47:13,113.4094602,23.0225902,1550643200.0,0.0,0.0,100.0,93.78507295173964
2023-08-16 12:02:16,113.4094602,23.0225902,1563746304.0,4368.0,4368.0,100.0,94.271417882529
2023-08-16 12:17:17,113.4094602,23.0225902,1563459584.0,4368.0,4368.0,100.0,94.75776281331838
2023-08-16 12:32:19,113.4094602,23.0225902,1544933376.0,4368.0,4368.0,100.0,94.75776281331837
2023-08-16 12:47:21,113.4094602,23.0225902,1547907072.0,4368.0,4368.0,100.0,94.72970445192666
2023-08-16 13:02:22,113.4094602,23.0225902,1564270592.0,4368.0,4368.0,100.0,94.72970445192666
2023-08-16 13:17:24,113.4094602,23.0225902,1560940544.0,4368.0,4368.0,100.0,94.72970445192666
2023-08-16 13:32:26,113.4094602,23.0225902,1521704960.0,0.0,0.0,100.0,94.70164609053498
2023-08-16 13:47:27,113.4094602,23.0225902,1440174080.0,4368.0,4368.0,100.0,94.63617658062104
2023-08-16 14:02:28,113.4094602,23.0225902,1525149696.0,4368.0,4368.0,100.0,94.60811821922933
2023-08-16 14:17:31,113.4094602,23.0225902,1494704128.0,0.0,0.0,100.0,94.60811821922934
2023-08-16 14:32:32,113.4094602,23.0225902,1496035328.0,0.0,0.0,100.0,94.60811821922934
2023-08-16 14:47:33,113.4094602,23.0225902,1448886272.0,0.0,0.0,100.0,94.12177328843995
2023-08-16 15:02:36,113.4094602,23.0225902,1442201600.0,4368.0,4368.0,100.0,93.49981294425739
2023-08-16 15:17:37,113.4094602,23.0225902,1447862272.0,4368.0,4368.0,100.0,93.01346801346803
2023-08-16 15:32:39,113.4094602,23.0225902,1398177792.0,4368.0,4368.0,100.0,92.52712308267863
2023-08-16 15:47:41,113.4094602,23.0225902,1369149440.0,4368.0,4368.0,100.0,91.76954732510289
2023-08-16 16:02:42,113.4094602,23.0225902,1425887232.0,4368.0,4368.0,100.0,91.47961092405536
2023-08-16 16:17:44,113.4094602,23.0225902,1399320576.0,0.0,0.0,100.0,90.9418256640479
2023-08-16 16:32:45,113.4094602,23.0225902,1430048768.0,0.0,0.0,100.0,90.45548073325853
2023-08-16 16:47:46,113.4094602,23.0225902,1363623936.0,4368.0,4368.0,100.0,89.9036662925552
2023-08-16 17:02:48,113.4094602,23.0225902,1410019328.0,4368.0,4368.0,100.0,89.61372989150767
2023-08-16 17:17:49,113.4094602,23.0225902,1378230272.0,2912.0,2912.0,100.0,89.21623643845867
2023-08-16 17:32:51,113.4094602,23.0225902,1374101504.0,4368.0,4368.0,100.0,88.72989150766928
2023-08-16 17:47:53,113.4094602,23.0225902,1385443328.0,0.0,0.0,100.0,88.74392068836515
2023-08-16 18:02:54,113.4094602,23.0225902,1408253952.0,0.0,0.0,100.0,88.68312757201647
2023-08-16 18:17:55,113.4094602,23.0225902,1371394048.0,4368.0,4368.0,100.0,88.71118593340816
2023-08-16 18:32:57,113.4094602,23.0225902,1390735360.0,0.0,0.0,100.0,88.5147774036663
2023-08-16 18:47:58,113.4094602,23.0225902,1351790592.0,0.0,0.0,100.0,88.75327347549569
2023-08-16 19:02:59,113.4094602,23.0225902,1379581952.0,4368.0,4368.0,100.0,88.65974560419005
2023-08-16 19:18:02,113.4094602,23.0225902,1369317376.0,4368.0,4368.0,100.0,88.65974560419005
2023-08-16 19:33:03,113.4094602,23.0225902,1345593344.0,0.0,910.0,100.0,88.74859708193043
2023-08-16 19:48:05,113.4094602,23.0225902,1280286720.0,0.0,0.0,100.0,88.74859708193043
2023-08-16 20:03:06,113.4094602,23.0225902,1368965120.0,4368.0,4368.0,100.0,88.74859708193041
2023-08-16 20:18:07,113.4094602,23.0225902,1377751040.0,0.0,0.0,100.0,88.68780396558175
2023-08-16 20:33:09,113.4094602,23.0225902,1361453056.0,4368.0,4368.0,100.0,88.68780396558175
2023-08-16 20:48:10,113.4094602,23.0225902,1354563584.0,0.0,0.0,100.0,89.17414889637112
2023-08-16 21:03:11,113.4094602,23.0225902,1352417280.0,4368.0,4368.0,100.0,89.6885521885522
2023-08-16 21:18:13,113.4094602,23.0225902,1333919744.0,0.0,0.0,100.0,90.17489711934157
2023-08-16 21:33:15,113.4094602,23.0225902,1327915008.0,4368.0,4368.0,100.0,90.66124205013094
2023-08-16 21:48:16,113.4094602,23.0225902,1290584064.0,0.0,0.0,100.0,91.17564534231201
2023-08-16 22:03:17,113.4094602,23.0225902,1354084352.0,4368.0,4368.0,100.0,91.53105125327349
2023-08-16 22:18:19,113.4094602,23.0225902,1377390592.0,0.0,0.0,100.0,91.84904601571269
2023-08-16 22:33:20,113.4094602,23.0225902,1360732160.0,4368.0,4368.0,100.0,92.33539094650206
2023-08-16 22:48:22,113.4094602,23.0225902,1322823680.0,0.0,0.0,100.0,92.82173587729145
2023-08-16 23:03:23,113.4094602,23.0225902,1354448896.0,0.0,0.0,100.0,93.30808080808082
2023-08-16 23:18:24,113.4094602,23.0225902,1342492672.0,4368.0,4368.0,100.0,93.93004115226337
2023-08-16 23:33:26,113.4094602,23.0225902,1308348416.0,0.0,0.0,100.0,94.41638608305276
2023-08-16 23:48:28,113.4094602,23.0225902,1345490944.0,4368.0,4368.0,100.0,94.90273101384213
2023-08-17 00:03:29,113.4094602,23.0225902,1273393152.0,4368.0,4368.0,100.0,95.6603067714179
2023-08-17 00:18:31,113.4094602,23.0225902,1303609344.0,0.0,0.0,100.0,96.14665170220727
2023-08-17 00:33:32,113.4094602,23.0225902,1374691328.0,4368.0,4368.0,100.0,96.69846614291059
2023-08-17 00:48:34,113.4094602,23.0225902,1374117888.0,4368.0,4368.0,100.0,97.18481107369996
2023-08-17 01:03:36,113.4094602,23.0225902,1356877824.0,0.0,0.0,100.0,97.73662551440329
2023-08-17 01:18:37,113.4094602,23.0225902,1385287680.0,4368.0,4368.0,100.0,98.22297044519267
2023-08-17 01:33:39,113.4094602,23.0225902,1355726848.0,4368.0,4368.0,100.0,98.70931537598204
2023-08-17 01:48:51,113.4094602,23.0225902,1395445760.0,4368.0,4368.0,100.0,99.19566030677142
2023-08-17 02:04:03,113.4094602,23.0225902,1515573248.0,4368.0,4368.0,100.0,99.19566030677142
2023-08-17 02:19:15,113.4094602,23.0225902,1579147264.0,0.0,0.0,100.0,99.25645342312009
2023-08-17 02:34:28,113.4094602,23.0225902,1542340608.0,2912.0,3171.0,100.0,99.25645342312009
2023-08-17 02:49:41,113.4094602,23.0225902,1542012928.0,4368.0,4368.0,100.0,99.45286195286195
2023-08-17 03:04:53,113.4094602,23.0225902,1587519488.0,0.0,0.0,100.0,99.45286195286195
2023-08-17 03:20:05,113.4094602,23.0225902,1557286912.0,0.0,0.0,100.0,99.54638982416759
2023-08-17 03:35:17,113.4094602,23.0225902,1516515328.0,0.0,0.0,100.0,99.54638982416759
2023-08-17 03:50:29,113.4094602,23.0225902,1544933376.0,0.0,0.0,100.0,99.34998129442575
2023-08-17 04:05:41,113.4094602,23.0225902,1473126400.0,0.0,0.0,100.0,99.34998129442575
2023-08-17 04:20:54,113.4094602,23.0225902,1495150592.0,4368.0,4368.0,100.0,99.34998129442575
2023-08-17 04:36:06,113.4094602,23.0225902,1458053120.0,4368.0,4368.0,100.0,99.41077441077441
2023-08-17 04:51:18,113.4094602,23.0225902,1434521600.0,4911.0,4911.0,100.0,99.41077441077441
2023-08-17 05:06:30,113.4094602,23.0225902,1532690432.0,4368.0,4368.0,100.0,99.41077441077441
2023-08-17 05:21:43,113.4094602,23.0225902,1465188352.0,4368.0,4368.0,100.0,99.21436588103256
2023-08-17 05:36:56,113.4094602,23.0225902,1381769216.0,0.0,0.0,100.0,99.21436588103255
2023-08-17 05:52:08,113.4094602,23.0225902,1459376128.0,0.0,0.0,100.0,99.01795735129069
2023-08-17 06:07:20,113.4094602,23.0225902,1445912576.0,0.0,0.0,100.0,98.82154882154883
2023-08-17 06:22:32,113.4094602,23.0225902,1412935680.0,4368.0,4368.0,100.0,99.01795735129069
2023-08-17 06:37:44,113.4094602,23.0225902,1437589504.0,4368.0,4368.0,100.0,99.21436588103255
2023-08-17 06:52:56,113.4094602,23.0225902,1417441280.0,0.0,0.0,100.0,99.01795735129069
2023-08-17 07:08:08,113.4094602,23.0225902,1454166016.0,0.0,0.0,100.0,98.82154882154883
2023-08-17 07:23:21,113.4094602,23.0225902,1430605824.0,0.0,0.0,100.0,98.82154882154883
2023-08-17 07:38:32,113.4094602,23.0225902,1252900864.0,4368.0,4368.0,100.0,98.82154882154883
2023-08-17 07:53:44,113.4094602,23.0225902,1307369472.0,0.0,0.0,100.0,98.82154882154883
2023-08-17 08:08:56,113.4094602,23.0225902,1346838528.0,4368.0,4368.0,100.0,98.62514029180697
2023-08-17 08:24:08,113.4094602,23.0225902,1344581632.0,4368.0,4368.0,100.0,98.62514029180696
2023-08-17 08:39:20,113.4094602,23.0225902,1300103168.0,2560.0,2560.0,100.0,98.4287317620651
2023-08-17 08:54:32,113.4094602,23.0225902,1341374464.0,0.0,0.0,100.0,98.4287317620651
2023-08-17 09:09:45,113.4094602,23.0225902,1379610624.0,4368.0,4368.0,100.0,98.4287317620651
2023-08-17 09:24:57,113.4094602,23.0225902,1312923648.0,4368.0,4368.0,100.0,98.4287317620651
2023-08-17 09:40:09,113.4094602,23.0225902,1314881536.0,0.0,0.0,100.0,98.4287317620651
2023-08-17 09:55:21,113.4094602,23.0225902,1356279808.0,4368.0,4368.0,100.0,98.4287317620651
2023-08-17 10:10:34,113.4094602,23.0225902,1321746432.0,4368.0,4368.0,100.0,98.4287317620651
2023-08-17 10:25:46,113.4094602,23.0225902,1315110912.0,0.0,0.0,100.0,98.4287317620651
2023-08-17 10:40:58,113.4094602,23.0225902,1312735232.0,0.0,0.0,100.0,98.4287317620651
2023-08-17 10:56:10,113.4094602,23.0225902,1347829760.0,4368.0,4368.0,100.0,98.4287317620651
2023-08-17 11:11:22,113.4094602,23.0225902,1303109632.0,0.0,0.0,100.0,98.4287317620651
2023-08-17 11:26:35,113.4094602,23.0225902,1269600256.0,4368.0,4368.0,100.0,98.4287317620651
2023-08-17 11:41:47,113.4094602,23.0225902,1279799296.0,4368.0,4368.0,100.0,98.4287317620651
2023-08-17 11:57:00,113.4094602,23.0225902,1346449408.0,0.0,0.0,100.0,97.94238683127573
2023-08-17 12:12:13,113.4094602,23.0225902,1292251136.0,0.0,0.0,100.0,97.65245043022821
2023-08-17 12:27:25,113.4094602,23.0225902,1247723520.0,0.0,0.0,100.0,97.16610549943883
2023-08-17 12:42:37,113.4094602,23.0225902,1277984768.0,0.0,0.0,100.0,96.65170220725777
2023-08-17 12:57:50,113.4094602,23.0225902,1404702720.0,4368.0,4368.0,100.0,96.16535727646838
2023-08-17 13:13:02,113.4094602,23.0225902,1397551104.0,4368.0,4368.0,100.0,95.67901234567901
2023-08-17 13:28:15,113.4094602,23.0225902,1305886720.0,0.0,0.0,100.0,95.19266741488966
2023-08-17 13:43:27,113.4094602,23.0225902,1288294400.0,4368.0,4368.0,100.0,94.90273101384213
2023-08-17 13:58:39,113.4094602,23.0225902,1353355264.0,4368.0,4368.0,100.0,94.41638608305276
2023-08-17 14:13:52,113.4094602,23.0225902,1342107648.0,0.0,0.0,100.0,94.12644968200524
2023-08-17 14:29:04,113.4094602,23.0225902,1387438080.0,4368.0,4368.0,100.0,93.83651328095773
2023-08-17 14:44:16,113.4094602,23.0225902,1349644288.0,4368.0,4368.0,100.0,93.35016835016836
2023-08-17 14:59:28,113.4094602,23.0225902,1353793536.0,0.0,0.0,100.0,92.86382341937897
2023-08-17 15:14:40,113.4094602,23.0225902,1398906880.0,4368.0,4368.0,100.0,92.57388701833148
2023-08-17 15:29:52,113.4094602,23.0225902,1412575232.0,4368.0,4368.0,100.0,92.28395061728395
2023-08-17 15:45:05,113.4094602,23.0225902,1355063296.0,0.0,0.0,100.0,91.79760568649458
2023-08-17 16:00:18,113.4094602,23.0225902,1412866048.0,0.0,0.0,100.0,91.31126075570522
2023-08-17 16:15:30,113.4094602,23.0225902,1364848640.0,0.0,0.0,100.0,90.82491582491582
2023-08-17 16:30:43,113.4094602,23.0225902,1377816576.0,0.0,0.0,100.0,90.53497942386832
2023-08-17 16:45:56,113.4094602,23.0225902,1384964096.0,0.0,0.0,100.0,90.04863449307894
2023-08-17 17:01:08,113.4094602,23.0225902,1417314304.0,4368.0,4368.0,100.0,89.75869809203144
2023-08-17 17:16:20,113.4094602,23.0225902,1377148928.0,4368.0,4368.0,100.0,89.27235316124207
2023-08-17 17:31:33,113.4094602,23.0225902,1316773888.0,4368.0,4368.0,100.0,88.78600823045268
2023-08-17 17:46:47,113.4094602,23.0225902,1354784768.0,0.0,0.0,100.0,88.29966329966331
2023-08-17 18:01:59,113.4094602,23.0225902,1424109568.0,0.0,0.0,100.0,87.81331836887395
2023-08-17 18:17:12,113.4094602,23.0225902,1372540928.0,0.0,0.0,100.0,87.32697343808455
2023-08-17 18:32:24,113.4094602,23.0225902,1364348928.0,0.0,0.0,100.0,86.8406285072952
2023-08-17 18:47:36,113.4094602,23.0225902,1373204480.0,4368.0,4368.0,100.0,86.35428357650581
2023-08-17 19:02:48,113.4094602,23.0225902,1386782720.0,4368.0,4368.0,100.0,85.86793864571644
2023-08-17 19:18:00,113.4094602,23.0225902,1339285504.0,4368.0,4368.0,100.0,85.38159371492705
2023-08-17 19:33:13,113.4094602,23.0225902,1293766656.0,0.0,0.0,100.0,84.89524878413769
2023-08-17 19:48:25,113.4094602,23.0225902,1274089472.0,4368.0,4368.0,100.0,84.40890385334829
2023-08-17 20:03:38,113.4094602,23.0225902,1356808192.0,0.0,0.0,100.0,83.89450056116723
2023-08-17 20:18:50,113.4094602,23.0225902,1363181568.0,0.0,0.0,100.0,83.89450056116723
2023-08-17 20:34:02,113.4094602,23.0225902,1305616384.0,0.0,0.0,100.0,83.89450056116723
2023-08-17 20:49:15,113.4094602,23.0225902,1212002304.0,0.0,0.0,100.0,83.89450056116723
2023-08-17 21:04:27,113.4094602,23.0225902,1141641216.0,0.0,0.0,100.0,84.4089038533483
2023-08-17 21:19:39,113.4094602,23.0225902,1151520768.0,4368.0,4368.0,100.0,84.89524878413768
2023-08-17 21:34:52,113.4094602,23.0225902,1212203008.0,4368.0,4368.0,100.0,85.38159371492705
2023-08-17 21:50:04,113.4094602,23.0225902,1230290944.0,0.0,0.0,100.0,85.86793864571642
2023-08-17 22:05:17,113.4094602,23.0225902,1270517760.0,0.0,0.0,100.0,86.35428357650581
2023-08-17 22:20:30,113.4094602,23.0225902,1241886720.0,0.0,0.0,100.0,86.84062850729518
2023-08-17 22:35:42,113.4094602,23.0225902,1197703168.0,4368.0,4368.0,100.0,87.32697343808454
2023-08-17 22:50:54,113.4094602,23.0225902,1239093248.0,0.0,0.0,100.0,87.81331836887394
2023-08-17 23:06:07,113.4094602,23.0225902,1212530688.0,0.0,0.0,100.0,88.2996632996633
2023-08-17 23:21:19,113.4094602,23.0225902,1217974272.0,4368.0,4368.0,100.0,88.78600823045268
2023-08-17 23:36:33,113.4094602,23.0225902,1265319936.0,2912.0,2912.0,100.0,89.27235316124205
2023-08-17 23:51:45,113.4094602,23.0225902,1321848832.0,4368.0,4368.0,100.0,89.75869809203144
2023-08-18 00:06:58,113.4094602,23.0225902,1297227776.0,0.0,0.0,100.0,90.2450430228208
2023-08-18 00:22:11,113.4094602,23.0225902,1280716800.0,0.0,0.0,100.0,90.73138795361018
2023-08-18 00:37:23,113.4094602,23.0225902,1345515520.0,0.0,0.0,100.0,91.21773288439955
2023-08-18 00:52:36,113.4094602,23.0225902,1292677120.0,4368.0,4368.0,100.0,91.70407781518892
2023-08-18 01:07:48,113.4094602,23.0225902,1334935552.0,0.0,0.0,100.0,92.19042274597831
2023-08-18 01:23:00,113.4094602,23.0225902,1318916096.0,4368.0,4368.0,100.0,92.67676767676768
2023-08-18 01:38:12,113.4094602,23.0225902,1387896832.0,1274.0,1092.0,100.0,93.16311260755705
2023-08-18 01:53:24,113.4094602,23.0225902,1558421504.0,4368.0,4368.0,100.0,93.64945753834644
2023-08-18 02:08:36,113.4094602,23.0225902,1604644864.0,0.0,0.0,100.0,94.13580246913581
2023-08-18 02:23:48,113.4094602,23.0225902,1542041600.0,4368.0,4368.0,100.0,94.62214739992518
2023-08-18 02:39:00,113.4094602,23.0225902,1530060800.0,4368.0,4368.0,100.0,95.10849233071457
2023-08-18 02:54:13,113.4094602,23.0225902,1558761472.0,4368.0,4368.0,100.0,95.59483726150394
2023-08-18 03:09:25,113.4094602,23.0225902,1584361472.0,0.0,0.0,100.0,96.08118219229331
2023-08-18 03:24:37,113.4094602,23.0225902,1511100416.0,4368.0,4368.0,100.0,96.56752712308268
2023-08-18 03:39:50,113.4094602,23.0225902,1484177408.0,0.0,0.0,100.0,97.05387205387206
2023-08-18 03:55:02,113.4094602,23.0225902,1519890432.0,4368.0,4368.0,100.0,97.54021698466143
2023-08-18 04:10:15,113.4094602,23.0225902,1469448192.0,0.0,0.0,100.0,98.02656191545081
2023-08-18 04:25:27,113.4094602,23.0225902,1488166912.0,0.0,0.0,100.0,98.54096520763187
2023-08-18 04:40:38,113.4094602,23.0225902,1449103360.0,4368.0,4368.0,100.0,99.02731013842124
2023-08-18 04:55:51,113.4094602,23.0225902,1486807040.0,0.0,0.0,100.0,99.51365506921063
2023-08-18 05:11:03,113.4094602,23.0225902,1464881152.0,4368.0,4368.0,100.0,100.0
2023-08-18 05:26:16,113.4094602,23.0225902,1402572800.0,0.0,0.0,100.0,100.0
2023-08-18 05:41:28,113.4094602,23.0225902,1386336256.0,0.0,0.0,100.0,100.0
2023-08-18 05:56:40,113.4094602,23.0225902,1471889408.0,4368.0,4368.0,100.0,100.0
2023-08-18 06:11:52,113.4094602,23.0225902,1474465792.0,4911.0,4911.0,100.0,100.0
2023-08-18 06:27:05,113.4094602,23.0225902,1410560000.0,0.0,0.0,100.0,100.0
2023-08-18 06:42:17,113.4094602,23.0225902,1408622592.0,4368.0,4368.0,100.0,100.0
2023-08-18 06:57:30,113.4094602,23.0225902,1470238720.0,4368.0,4368.0,100.0,100.0
2023-08-18 07:12:42,113.4094602,23.0225902,1429295104.0,4368.0,4368.0,100.0,100.0
2023-08-18 07:27:54,113.4094602,23.0225902,1358737408.0,4368.0,4368.0,100.0,100.0
2023-08-18 07:43:06,113.4094602,23.0225902,1343578112.0,0.0,0.0,100.0,100.0
2023-08-18 07:58:17,113.4094602,23.0225902,1473691648.0,4368.0,4368.0,100.0,100.0
2023-08-18 08:13:30,113.4094602,23.0225902,1428795392.0,0.0,0.0,100.0,100.0
2023-08-18 08:28:43,113.4094602,23.0225902,1400754176.0,4368.0,4368.0,100.0,100.0
2023-08-18 08:43:56,113.4094602,23.0225902,1331257344.0,0.0,0.0,100.0,100.0
2023-08-18 08:59:09,113.4094602,23.0225902,1381994496.0,4368.0,4368.0,100.0,100.0
2023-08-18 09:14:21,113.4094602,23.0225902,1442103296.0,2560.0,2560.0,100.0,100.0
2023-08-18 09:29:33,113.4094602,23.0225902,1377382400.0,4368.0,4368.0,100.0,100.0
2023-08-18 09:44:45,113.4094602,23.0225902,1409454080.0,0.0,0.0,100.0,100.0
2023-08-18 09:59:57,113.4094602,23.0225902,1475022848.0,0.0,0.0,100.0,100.0
2023-08-18 10:15:10,113.4094602,23.0225902,1437208576.0,4368.0,4368.0,100.0,100.0
2023-08-18 10:30:22,113.4094602,23.0225902,1409339392.0,4368.0,4368.0,100.0,100.0
2023-08-18 10:45:34,113.4094602,23.0225902,1384161280.0,4368.0,4368.0,100.0,100.0
2023-08-18 11:00:47,113.4094602,23.0225902,1382256640.0,0.0,0.0,100.0,99.51365506921063
2023-08-18 11:15:59,113.4094602,23.0225902,1413132288.0,0.0,0.0,100.0,99.02731013842124
2023-08-18 11:31:11,113.4094602,23.0225902,1372581888.0,1456.0,1456.0,100.0,98.54096520763187
2023-08-18 11:46:23,113.4094602,23.0225902,1365618688.0,4368.0,4368.0,100.0,98.0546202768425
2023-08-18 12:01:35,113.4094602,23.0225902,1430286336.0,4368.0,4368.0,100.0,97.56827534605311
2023-08-18 12:16:47,113.4094602,23.0225902,1387634688.0,4368.0,4368.0,100.0,97.08193041526376
2023-08-18 12:31:59,113.4094602,23.0225902,1253523456.0,4368.0,4368.0,100.0,96.59558548447437
2023-08-18 12:47:12,113.4094602,23.0225902,1277509632.0,4368.0,4368.0,100.0,96.59558548447438
2023-08-18 13:02:25,113.4094602,23.0225902,1397837824.0,0.0,0.0,100.0,96.59558548447438
2023-08-18 13:17:37,113.4094602,23.0225902,1367941120.0,4368.0,4368.0,100.0,96.59558548447438
2023-08-18 13:32:49,113.4094602,23.0225902,1299673088.0,4368.0,4368.0,100.0,96.59558548447438
2023-08-18 13:48:01,113.4094602,23.0225902,1301716992.0,0.0,0.0,100.0,96.59558548447438
2023-08-18 14:03:12,113.4094602,23.0225902,1467314176.0,4368.0,4368.0,100.0,96.59558548447438
2023-08-18 14:18:25,113.4094602,23.0225902,1430503424.0,0.0,0.0,100.0,96.59558548447438
2023-08-18 14:33:36,113.4094602,23.0225902,1357373440.0,4368.0,4368.0,100.0,96.59558548447438
2023-08-18 14:48:49,113.4094602,23.0225902,1368821760.0,4368.0,4368.0,100.0,96.59558548447438
2023-08-18 15:04:02,113.4094602,23.0225902,1449971712.0,0.0,0.0,100.0,96.59558548447438
2023-08-18 15:19:15,113.4094602,23.0225902,1428606976.0,0.0,0.0,100.0,96.59558548447438
2023-08-18 15:34:28,113.4094602,23.0225902,1390338048.0,0.0,0.0,100.0,96.59558548447438
2023-08-18 15:49:41,113.4094602,23.0225902,1398743040.0,4368.0,4368.0,100.0,96.59558548447438
2023-08-18 16:04:53,113.4094602,23.0225902,1459572736.0,0.0,0.0,100.0,96.59558548447438
2023-08-18 16:20:06,113.4094602,23.0225902,1460625408.0,0.0,0.0,100.0,96.59558548447438
2023-08-18 16:35:19,113.4094602,23.0225902,1413894144.0,0.0,0.0,100.0,96.59558548447438
2023-08-18 16:50:32,113.4094602,23.0225902,1383358464.0,0.0,0.0,100.0,96.59558548447438
2023-08-18 17:05:44,113.4094602,23.0225902,1403027456.0,0.0,0.0,100.0,96.59558548447438
2023-08-18 17:20:56,113.4094602,23.0225902,1322340352.0,4368.0,4368.0,100.0,96.59558548447438
2023-08-18 17:36:09,113.4094602,23.0225902,1298526208.0,2912.0,2912.0,100.0,96.59558548447438
2023-08-18 17:51:22,113.4094602,23.0225902,1384189952.0,0.0,0.0,100.0,96.59558548447438
2023-08-18 18:06:34,113.4094602,23.0225902,1412980736.0,0.0,0.0,100.0,96.59558548447438
2023-08-18 18:21:46,113.4094602,23.0225902,1406021632.0,4368.0,4368.0,100.0,96.59558548447438
2023-08-18 18:36:58,113.4094602,23.0225902,1375162368.0,0.0,0.0,100.0,96.59558548447438
2023-08-18 18:52:10,113.4094602,23.0225902,1391566848.0,4368.0,4368.0,100.0,96.59558548447438
2023-08-18 19:07:23,113.4094602,23.0225902,1360969728.0,0.0,0.0,100.0,96.59558548447438
2023-08-18 19:22:35,113.4094602,23.0225902,1280942080.0,4368.0,4368.0,100.0,97.08193041526374
2023-08-18 19:37:46,113.4094602,23.0225902,1302847488.0,4368.0,4368.0,100.0,97.56827534605313
2023-08-18 19:52:59,113.4094602,23.0225902,1346064384.0,4368.0,4368.0,100.0,98.0546202768425
2023-08-18 20:08:12,113.4094602,23.0225902,1366523904.0,0.0,0.0,100.0,98.54096520763187
2023-08-18 20:23:24,113.4094602,23.0225902,1300148224.0,4368.0,4368.0,100.0,99.02731013842124
2023-08-18 20:38:36,113.4094602,23.0225902,1235251200.0,0.0,0.0,100.0,99.51365506921063
2023-08-18 20:53:49,113.4094602,23.0225902,1280479232.0,4911.0,4911.0,100.0,100.0
2023-08-18 21:09:01,113.4094602,23.0225902,1345462272.0,0.0,0.0,100.0,100.0
2023-08-18 21:24:13,113.4094602,23.0225902,1248886784.0,4368.0,4368.0,100.0,100.0
2023-08-18 21:39:26,113.4094602,23.0225902,1254322176.0,1456.0,1456.0,100.0,100.0
2023-08-18 21:54:38,113.4094602,23.0225902,1306968064.0,0.0,0.0,100.0,100.0
2023-08-18 22:09:50,113.4094602,23.0225902,1348857856.0,0.0,0.0,100.0,100.0
2023-08-18 22:25:02,113.4094602,23.0225902,1249140736.0,4368.0,4368.0,100.0,99.91114852225964
2023-08-18 22:40:14,113.4094602,23.0225902,1249091584.0,0.0,0.0,100.0,99.91114852225964
2023-08-18 22:55:26,113.4094602,23.0225902,1319256064.0,0.0,0.0,100.0,99.91114852225964
2023-08-18 23:10:38,113.4094602,23.0225902,1338986496.0,4368.0,4368.0,100.0,99.91114852225964
2023-08-18 23:25:51,113.4094602,23.0225902,1263394816.0,4368.0,4368.0,100.0,99.91114852225964
2023-08-18 23:41:02,113.4094602,23.0225902,1221906432.0,4368.0,4368.0,100.0,99.91114852225964
2023-08-18 23:56:15,113.4094602,23.0225902,1302728704.0,0.0,0.0,100.0,99.91114852225964
2023-08-19 00:11:27,113.4094602,23.0225902,1235755008.0,4368.0,4368.0,100.0,99.91114852225964
2023-08-19 00:26:39,113.4094602,23.0225902,1205686272.0,0.0,0.0,100.0,99.91114852225964
2023-08-19 00:41:51,113.4094602,23.0225902,1330700288.0,0.0,0.0,100.0,99.91114852225964
2023-08-19 00:57:03,113.4094602,23.0225902,1342640128.0,0.0,0.0,100.0,99.91114852225964
2023-08-19 01:12:15,113.4094602,23.0225902,1325613056.0,0.0,0.0,100.0,99.91114852225964
2023-08-19 01:27:27,113.4094602,23.0225902,1104801792.0,0.0,0.0,100.0,99.91114852225964
2023-08-19 01:42:39,113.4094602,23.0225902,1119551488.0,4368.0,4368.0,100.0,99.91114852225964
2023-08-19 01:57:52,113.4094602,23.0225902,1385103360.0,0.0,0.0,100.0,99.91114852225964
2023-08-19 02:13:03,113.4094602,23.0225902,1333747712.0,0.0,0.0,100.0,99.91114852225964
2023-08-19 02:28:16,113.4094602,23.0225902,1282658304.0,0.0,910.0,100.0,99.91114852225964
2023-08-19 02:43:29,113.4094602,23.0225902,1270243328.0,0.0,0.0,100.0,99.91114852225964
2023-08-19 02:58:42,113.4094602,23.0225902,1362210816.0,4368.0,4368.0,100.0,99.91114852225964
2023-08-19 03:13:53,113.4094602,23.0225902,1352237056.0,2912.0,3094.0,100.0,99.91114852225964
2023-08-19 03:29:05,113.4094602,23.0225902,1289437184.0,1456.0,1456.0,100.0,99.91114852225964
2023-08-19 03:44:18,113.4094602,23.0225902,1261408256.0,4368.0,4368.0,100.0,99.91114852225964
2023-08-19 03:59:30,113.4094602,23.0225902,1327992832.0,4368.0,4368.0,100.0,99.91114852225964
2023-08-19 04:14:43,113.4094602,23.0225902,1326145536.0,4368.0,4368.0,100.0,99.91114852225964
2023-08-19 04:29:56,113.4094602,23.0225902,1278791680.0,543.0,543.0,100.0,99.91114852225964
2023-08-19 04:45:08,113.4094602,23.0225902,1230405632.0,0.0,0.0,100.0,99.91114852225964
2023-08-19 05:00:21,113.4094602,23.0225902,1274617856.0,4368.0,4368.0,100.0,99.91114852225964
2023-08-19 05:15:33,113.4094602,23.0225902,1324244992.0,4368.0,4368.0,100.0,99.91114852225964
2023-08-19 05:30:46,113.4094602,23.0225902,1192665088.0,4368.0,4368.0,100.0,99.91114852225964
2023-08-19 05:45:59,113.4094602,23.0225902,1162735616.0,0.0,0.0,100.0,99.91114852225964
2023-08-19 06:01:11,113.4094602,23.0225902,1312149504.0,0.0,0.0,100.0,99.91114852225964
2023-08-19 06:16:23,113.4094602,23.0225902,1267253248.0,0.0,0.0,100.0,99.91114852225964
2023-08-19 06:31:35,113.4094602,23.0225902,1225453568.0,0.0,0.0,100.0,99.91114852225964
2023-08-19 06:46:48,113.4094602,23.0225902,1229332480.0,182.0,182.0,100.0,100.0
2023-08-19 07:01:59,113.4094602,23.0225902,1222160384.0,4368.0,4368.0,100.0,100.0
2023-08-19 07:17:11,113.4094602,23.0225902,1217077248.0,4368.0,4368.0,100.0,100.0
2023-08-19 07:32:24,113.4094602,23.0225902,1114746880.0,4368.0,4368.0,100.0,100.0
2023-08-19 07:47:36,113.4094602,23.0225902,1099538432.0,4368.0,4368.0,100.0,99.91114852225964
2023-08-19 08:02:49,113.4094602,23.0225902,1203003392.0,4368.0,4368.0,100.0,99.91114852225964
2023-08-19 08:18:02,113.4094602,23.0225902,1182769152.0,0.0,0.0,100.0,99.91114852225964
2023-08-19 08:33:14,113.4094602,23.0225902,1134989312.0,4368.0,4368.0,100.0,99.91114852225964
2023-08-19 08:48:26,113.4094602,23.0225902,1104244736.0,0.0,0.0,100.0,99.42480359147027
2023-08-19 09:03:38,113.4094602,23.0225902,1132335104.0,4368.0,4368.0,100.0,98.93845866068088
2023-08-19 09:18:50,113.4094602,23.0225902,1197412352.0,4368.0,4368.0,100.0,98.45211372989151
2023-08-19 09:34:02,113.4094602,23.0225902,1099841536.0,4368.0,4368.0,100.0,97.96576879910212
2023-08-19 09:49:15,113.4094602,23.0225902,1138003968.0,0.0,0.0,100.0,97.47942386831276
2023-08-19 10:04:28,113.4094602,23.0225902,1176293376.0,543.0,543.0,100.0,96.99307893752338
2023-08-19 10:19:40,113.4094602,23.0225902,1162444800.0,1456.0,1274.0,100.0,96.37111859334082
2023-08-19 10:34:52,113.4094602,23.0225902,1110831104.0,0.0,0.0,100.0,95.88477366255142
2023-08-19 10:50:04,113.4094602,23.0225902,1101615104.0,4368.0,4368.0,100.0,95.39842873176207
2023-08-19 11:05:17,113.4094602,23.0225902,1178886144.0,0.0,0.0,100.0,94.9120838009727
2023-08-19 11:20:29,113.4094602,23.0225902,1162194944.0,4368.0,4368.0,100.0,94.42573887018331
2023-08-19 11:35:41,113.4094602,23.0225902,906903552.0,4368.0,4368.0,100.0,93.93939393939394
2023-08-19 11:50:54,113.4094602,23.0225902,907915264.0,1456.0,1456.0,100.0,93.45304900860457
2023-08-19 12:06:05,113.4094602,23.0225902,1035423744.0,4368.0,4368.0,100.0,92.9667040778152
2023-08-19 12:21:18,113.4094602,23.0225902,1085120512.0,0.0,0.0,100.0,92.48035914702581
2023-08-19 12:36:30,113.4094602,23.0225902,1054351360.0,0.0,0.0,100.0,91.99401421623645
2023-08-19 12:51:42,113.4094602,23.0225902,968990720.0,4368.0,4368.0,100.0,91.50766928544707
2023-08-19 13:06:55,113.4094602,23.0225902,1045008384.0,4368.0,4368.0,100.0,91.0213243546577
2023-08-19 13:22:07,113.4094602,23.0225902,1130184704.0,0.0,0.0,100.0,90.50692106247664
2023-08-19 13:37:20,113.4094602,23.0225902,902103040.0,4368.0,4368.0,100.0,90.02057613168724
2023-08-19 13:52:32,113.4094602,23.0225902,859185152.0,543.0,543.0,100.0,89.53423120089788
2023-08-19 14:07:44,113.4094602,23.0225902,1093361664.0,0.0,0.0,100.0,89.04788627010849
2023-08-19 14:22:57,113.4094602,23.0225902,1074511872.0,0.0,0.0,100.0,88.56154133931912
2023-08-19 14:38:10,113.4094602,23.0225902,984162304.0,4368.0,4368.0,100.0,88.07519640852973
2023-08-19 14:53:22,113.4094602,23.0225902,974282752.0,4368.0,4368.0,100.0,87.58885147774038
2023-08-19 15:08:34,113.4094602,23.0225902,995115008.0,0.0,0.0,100.0,87.58885147774038
2023-08-19 15:23:47,113.4094602,23.0225902,946561024.0,4368.0,4368.0,100.0,87.58885147774036
2023-08-19 15:39:00,113.4094602,23.0225902,984743936.0,0.0,0.0,100.0,87.58885147774038
2023-08-19 15:54:13,113.4094602,23.0225902,988807168.0,0.0,0.0,100.0,87.58885147774036
2023-08-19 16:09:25,113.4094602,23.0225902,1007366144.0,4368.0,4368.0,100.0,87.67770295548075
2023-08-19 16:24:38,113.4094602,23.0225902,958119936.0,0.0,0.0,100.0,87.67770295548074
2023-08-19 16:39:51,113.4094602,23.0225902,925859840.0,4368.0,4368.0,100.0,87.67770295548075
2023-08-19 16:55:04,113.4094602,23.0225902,983859200.0,0.0,0.0,100.0,87.67770295548074
2023-08-19 17:10:17,113.4094602,23.0225902,1007058944.0,0.0,0.0,100.0,88.16404788627011
2023-08-19 17:25:30,113.4094602,23.0225902,850968576.0,4368.0,4368.0,100.0,88.65039281705948
2023-08-19 17:40:42,113.4094602,23.0225902,852606976.0,0.0,0.0,100.0,89.13673774784887
2023-08-19 17:55:54,113.4094602,23.0225902,1009885184.0,4368.0,4368.0,100.0,89.62308267863823
2023-08-19 18:11:07,113.4094602,23.0225902,998486016.0,0.0,0.0,100.0,90.10942760942761
2023-08-19 18:26:19,113.4094602,23.0225902,970616832.0,0.0,0.0,100.0,90.59577254021698
2023-08-19 18:41:31,113.4094602,23.0225902,933425152.0,0.0,0.0,100.0,91.21773288439955
2023-08-19 18:56:44,113.4094602,23.0225902,942321664.0,4368.0,4368.0,100.0,91.70407781518892
2023-08-19 19:11:56,113.4094602,23.0225902,944119808.0,0.0,0.0,100.0,92.19042274597831
2023-08-19 19:27:09,113.4094602,23.0225902,879202304.0,0.0,0.0,100.0,92.67676767676768
2023-08-19 19:42:21,113.4094602,23.0225902,854667264.0,0.0,0.0,100.0,93.16311260755705
2023-08-19 19:57:33,113.4094602,23.0225902,915554304.0,0.0,0.0,100.0,93.64945753834644
2023-08-19 20:12:45,113.4094602,23.0225902,942481408.0,0.0,0.0,100.0,94.13580246913581
2023-08-19 20:27:57,113.4094602,23.0225902,849948672.0,4368.0,4368.0,100.0,94.62214739992518
2023-08-19 20:43:09,113.4094602,23.0225902,794628096.0,4368.0,4368.0,100.0,95.10849233071457
2023-08-19 20:58:21,113.4094602,23.0225902,843882496.0,4368.0,4368.0,100.0,95.59483726150393
2023-08-19 21:13:33,113.4094602,23.0225902,924229632.0,4368.0,4368.0,100.0,96.08118219229331
2023-08-19 21:28:46,113.4094602,23.0225902,812453888.0,543.0,543.0,100.0,96.56752712308268
2023-08-19 21:43:58,113.4094602,23.0225902,827981824.0,0.0,0.0,100.0,97.08193041526374
2023-08-19 21:59:11,113.4094602,23.0225902,878338048.0,4368.0,4368.0,100.0,97.56827534605313
2023-08-19 22:14:23,113.4094602,23.0225902,870998016.0,4368.0,4368.0,100.0,98.0546202768425
2023-08-19 22:29:35,113.4094602,23.0225902,852709376.0,4368.0,4368.0,100.0,98.4521137298915
2023-08-19 22:44:47,113.4094602,23.0225902,836739072.0,4368.0,4368.0,100.0,98.9384586606809
2023-08-19 23:00:00,113.4094602,23.0225902,866091008.0,0.0,0.0,100.0,99.22839506172839
2023-08-19 23:15:13,113.4094602,23.0225902,889233408.0,0.0,0.0,100.0,99.71473999251776
2023-08-19 23:30:24,113.4094602,23.0225902,775147520.0,0.0,0.0,100.0,99.71473999251776
2023-08-19 23:45:37,113.4094602,23.0225902,758874112.0,0.0,0.0,100.0,99.71473999251776
2023-08-20 00:00:49,113.4094602,23.0225902,774184960.0,0.0,0.0,100.0,99.71473999251776
2023-08-20 00:16:01,113.4094602,23.0225902,794554368.0,4368.0,4368.0,100.0,99.71473999251776
2023-08-20 00:31:13,113.4094602,23.0225902,797573120.0,4368.0,4368.0,100.0,99.71473999251776
2023-08-20 00:46:25,113.4094602,23.0225902,762109952.0,4368.0,4368.0,100.0,99.71473999251776
2023-08-20 01:01:37,113.4094602,23.0225902,787693568.0,4368.0,4368.0,100.0,99.71473999251776
2023-08-20 01:16:50,113.4094602,23.0225902,805093376.0,4963.0,4963.0,100.0,99.71473999251776
2023-08-20 01:32:02,113.4094602,23.0225902,555372544.0,4368.0,4368.0,100.0,99.71473999251776
2023-08-20 01:47:14,113.4094602,23.0225902,568963072.0,1456.0,1456.0,100.0,99.71473999251776
2023-08-20 02:02:26,113.4094602,23.0225902,801521664.0,0.0,0.0,100.0,99.71473999251776
2023-08-20 02:17:38,113.4094602,23.0225902,796110848.0,4368.0,4368.0,100.0,99.71473999251776
2023-08-20 02:32:51,113.4094602,23.0225902,789520384.0,2912.0,2912.0,100.0,99.71473999251776
2023-08-20 02:48:03,113.4094602,23.0225902,682999808.0,4368.0,4368.0,100.0,99.5183314627759
2023-08-20 03:03:15,113.4094602,23.0225902,755036160.0,0.0,0.0,100.0,99.5183314627759
2023-08-20 03:18:26,113.4094602,23.0225902,793083904.0,0.0,0.0,100.0,99.5183314627759
2023-08-20 03:33:38,113.4094602,23.0225902,710160384.0,4368.0,4368.0,100.0,99.5183314627759
2023-08-20 03:48:51,113.4094602,23.0225902,684425216.0,4368.0,4368.0,100.0,99.5183314627759
2023-08-20 04:04:03,113.4094602,23.0225902,737136640.0,4368.0,4368.0,100.0,99.5183314627759
2023-08-20 04:19:15,113.4094602,23.0225902,737959936.0,4368.0,4368.0,100.0,99.5183314627759
2023-08-20 04:34:28,113.4094602,23.0225902,736919552.0,0.0,0.0,100.0,99.5183314627759
2023-08-20 04:49:40,113.4094602,23.0225902,682061824.0,0.0,0.0,100.0,99.5183314627759
2023-08-20 05:04:52,113.4094602,23.0225902,668921856.0,2912.0,2912.0,100.0,99.5183314627759
2023-08-20 05:20:05,113.4094602,23.0225902,719925248.0,4368.0,4368.0,100.0,99.5183314627759
2023-08-20 05:35:17,113.4094602,23.0225902,650919936.0,0.0,0.0,100.0,99.5183314627759
2023-08-20 05:50:30,113.4094602,23.0225902,648781824.0,0.0,0.0,100.0,99.42947998503554
2023-08-20 06:05:43,113.4094602,23.0225902,677404672.0,182.0,0.0,100.0,99.42947998503554
2023-08-20 06:20:55,113.4094602,23.0225902,674287616.0,0.0,0.0,100.0,99.42947998503554
2023-08-20 06:36:07,113.4094602,23.0225902,644464640.0,0.0,0.0,100.0,99.42947998503554
2023-08-20 06:51:20,113.4094602,23.0225902,662376448.0,4368.0,4368.0,100.0,99.42947998503554
2023-08-20 07:06:32,113.4094602,23.0225902,687513600.0,0.0,0.0,100.0,98.41937897493452
2023-08-20 07:21:44,113.4094602,23.0225902,661803008.0,0.0,0.0,100.0,98.12944257388702
2023-08-20 07:36:56,113.4094602,23.0225902,587952128.0,0.0,0.0,100.0,97.64309764309765
2023-08-20 07:52:08,113.4094602,23.0225902,611348480.0,4368.0,4368.0,100.0,96.93228582117472
2023-08-20 08:07:20,113.4094602,23.0225902,638885888.0,0.0,0.0,100.0,96.22147399925177
2023-08-20 08:22:32,113.4094602,23.0225902,628019200.0,4368.0,4368.0,100.0,95.51066217732885
2023-08-20 08:37:44,113.4094602,23.0225902,616595456.0,0.0,0.0,100.0,95.02431724653947
2023-08-20 08:52:56,113.4094602,23.0225902,463958016.0,4911.0,4911.0,100.0,94.53797231575008
2023-08-20 09:08:08,113.4094602,23.0225902,606818304.0,0.0,0.0,100.0,94.05162738496072
2023-08-20 09:23:21,113.4094602,23.0225902,558256128.0,4368.0,4368.0,100.0,93.56528245417135
2023-08-20 09:38:33,113.4094602,23.0225902,568176640.0,0.0,0.0,100.0,93.07893752338197
2023-08-20 09:53:45,113.4094602,23.0225902,624607232.0,4368.0,4368.0,100.0,92.59259259259258
2023-08-20 10:08:58,113.4094602,23.0225902,592752640.0,0.0,0.0,100.0,92.10624766180322
2023-08-20 10:24:10,113.4094602,23.0225902,600731648.0,0.0,0.0,100.0,91.61990273101384
2023-08-20 10:39:22,113.4094602,23.0225902,534781952.0,0.0,0.0,100.0,91.13355780022447
2023-08-20 10:54:35,113.4094602,23.0225902,527433728.0,2912.0,2912.0,100.0,90.6472128694351
2023-08-20 13:46:22,113.4094602,23.0225902,450969600.0,5639.0,10596.0,69.0,90.35727646838758
2023-08-20 14:01:27,113.4094602,23.0225902,477835264.0,1448.0,105116.0,75.0,89.87093153759821
2023-08-20 14:16:32,113.4096494,23.0229166,482488320.0,1080.0,112336.0,84.0,89.38458660680884
2023-08-20 14:31:37,113.4096494,23.0229166,480096256.0,164.0,344.0,89.0,88.89824167601945
2023-08-20 14:46:42,113.4096494,23.0229166,449306624.0,0.0,0.0,94.0,88.2762813318369
2023-08-20 15:01:47,113.4096494,23.0229166,503468032.0,0.0,0.0,100.0,87.78993640104751
2023-08-20 15:16:53,113.4096494,23.0229166,455286784.0,0.0,0.0,100.0,87.30359147025814
2023-08-20 15:31:57,113.4096494,23.0229166,472678400.0,0.0,0.0,100.0,86.81724653946877
2023-08-20 15:47:01,113.4096494,23.0229166,478351360.0,60.0,0.0,100.0,86.81724653946877
2023-08-20 16:02:06,113.4096494,23.0229166,506773504.0,45462.0,2612.0,100.0,86.81724653946877
2023-08-20 16:17:11,113.4096494,23.0229166,576012288.0,0.0,344.0,100.0,86.81724653946877
2023-08-20 16:32:15,113.4096494,23.0229166,486100992.0,0.0,0.0,100.0,86.81724653946877
2023-08-20 16:47:20,113.4096494,23.0229166,463532032.0,0.0,0.0,100.0,86.90609801720913
2023-08-20 17:02:24,113.4096494,23.0229166,511561728.0,0.0,0.0,100.0,86.90609801720913
2023-08-20 17:17:30,113.4096494,23.0229166,528842752.0,0.0,0.0,100.0,86.90609801720913
2023-08-20 17:32:34,113.4096494,23.0229166,456904704.0,60.0,0.0,100.0,86.90609801720913
2023-08-20 17:47:39,113.4096494,23.0229166,431947776.0,0.0,0.0,100.0,86.99494949494948
2023-08-20 18:02:44,113.4096494,23.0229166,455872512.0,0.0,0.0,100.0,88.00505050505052
2023-08-20 18:17:49,113.4096494,23.0229166,531886080.0,0.0,0.0,100.0,88.49139543583988
2023-08-20 18:32:53,113.4096494,23.0229166,451661824.0,0.0,0.0,100.0,88.97774036662926
2023-08-20 18:47:58,113.4096494,23.0229166,473313280.0,0.0,0.0,100.0,89.6885521885522
2023-08-20 19:03:03,113.4096494,23.0229166,469221376.0,60.0,0.0,100.0,90.39936401047514
2023-08-20 19:18:08,113.4096494,23.0229166,504365056.0,0.0,576.0,100.0,91.11017583239807
2023-08-20 19:33:13,113.4096494,23.0229166,479342592.0,0.0,0.0,100.0,91.59652076318743
2023-08-20 19:48:19,113.4096494,23.0229166,475734016.0,60.0,0.0,100.0,92.08286569397683
2023-08-20 20:03:24,113.4096494,23.0229166,485519360.0,0.0,0.0,100.0,92.56921062476619
2023-08-20 20:18:28,113.4096466,23.0229386,481153024.0,232.0,0.0,100.0,93.05555555555557
2023-08-20 20:33:32,113.4096466,23.0229386,467337216.0,232.0,0.0,100.0,93.54190048634494
2023-08-20 20:48:37,113.4096466,23.0229386,441851904.0,0.0,0.0,100.0,94.02824541713431
2023-08-20 21:03:41,113.4096466,23.0229386,475836416.0,0.0,0.0,100.0,94.51459034792369
2023-08-20 21:18:46,113.4096466,23.0229386,460087296.0,0.0,0.0,100.0,95.00093527871307
2023-08-20 21:33:51,113.4096466,23.0229386,490983424.0,0.0,0.0,100.0,95.48728020950244
2023-08-20 21:48:55,113.4096466,23.0229386,487796736.0,0.0,576.0,100.0,95.9736251402918
2023-08-20 22:04:00,113.4096466,23.0229386,453255168.0,0.0,0.0,100.0,96.45997007108119
2023-08-20 22:19:05,113.4096466,23.0229386,510140416.0,0.0,0.0,100.0,96.94631500187056
2023-08-20 22:34:10,113.4096466,23.0229386,484048896.0,543.0,927.0,100.0,97.43265993265993
2023-08-20 22:49:15,113.4096466,23.0229386,435400704.0,52.0,1898.0,100.0,97.91900486344932
2023-08-20 23:04:19,113.4096466,23.0229386,447852544.0,0.0,0.0,100.0,98.54096520763187
2023-08-20 23:19:24,113.4096466,23.0229386,473985024.0,0.0,0.0,100.0,99.02731013842124
2023-08-20 23:34:29,113.4096466,23.0229386,492617728.0,0.0,0.0,100.0,99.51365506921063
2023-08-20 23:49:34,113.4096466,23.0229386,494546944.0,180.0,0.0,100.0,100.0
2023-08-21 00:04:39,113.4096466,23.0229386,468508672.0,0.0,0.0,100.0,100.0
2023-08-21 00:19:43,113.4096466,23.0229386,494272512.0,0.0,0.0,100.0,100.0
2023-08-21 00:34:48,113.4096466,23.0229386,487821312.0,918.0,1017.0,100.0,100.0
2023-08-21 00:49:53,113.4096466,23.0229386,464248832.0,0.0,419.0,100.0,100.0
2023-08-21 01:04:57,113.4096466,23.0229386,456519680.0,0.0,0.0,100.0,100.0
2023-08-21 01:20:01,113.4096466,23.0229386,461840384.0,0.0,0.0,100.0,100.0
2023-08-21 01:35:06,113.4096466,23.0229386,450007040.0,40.0,40.0,100.0,100.0
2023-08-21 01:50:11,113.4096466,23.0229386,449540096.0,0.0,0.0,100.0,100.0
2023-08-21 02:05:16,113.4096466,23.0229386,465031168.0,0.0,0.0,100.0,100.0
2023-08-21 02:20:21,113.4096177,23.0229282,484851712.0,1371.0,0.0,100.0,100.0
2023-08-21 02:35:25,113.4096177,23.0229282,489160704.0,40.0,40.0,100.0,100.0
2023-08-21 02:50:30,113.4096177,23.0229282,513859584.0,0.0,0.0,100.0,100.0
2023-08-21 03:05:34,113.4096177,23.0229282,503017472.0,60.0,0.0,100.0,100.0
2023-08-21 03:20:39,113.4096177,23.0229282,457707520.0,0.0,0.0,100.0,100.0
2023-08-21 03:35:44,113.4096177,23.0229282,477118464.0,40.0,40.0,100.0,100.0
2023-08-21 03:50:48,113.4096177,23.0229282,496394240.0,0.0,0.0,100.0,100.0
2023-08-21 04:05:53,113.4096177,23.0229282,449290240.0,0.0,0.0,100.0,100.0
2023-08-21 04:20:58,113.4096177,23.0229282,452943872.0,0.0,0.0,100.0,100.0
2023-08-21 04:36:03,113.4096177,23.0229282,493944832.0,0.0,0.0,100.0,99.51365506921063
2023-08-21 04:51:07,113.4096177,23.0229282,469499904.0,0.0,0.0,100.0,99.51365506921063
2023-08-21 05:06:11,113.4096177,23.0229282,491438080.0,64.0,144.0,100.0,99.51365506921063
2023-08-21 05:21:16,113.4096177,23.0229282,484999168.0,52.0,151.0,100.0,99.51365506921063
2023-08-21 05:36:21,113.4096177,23.0229282,462217216.0,0.0,0.0,100.0,99.51365506921063
2023-08-21 05:51:25,113.4096177,23.0229282,486715392.0,0.0,0.0,100.0,99.51365506921063
2023-08-21 06:06:31,113.4096177,23.0229282,451387392.0,0.0,0.0,100.0,99.51365506921063
2023-08-21 06:21:35,113.4096177,23.0229282,478388224.0,0.0,3066.0,100.0,99.51365506921063
2023-08-21 06:36:40,113.4096177,23.0229282,476577792.0,0.0,360.0,100.0,99.51365506921063
2023-08-21 06:51:44,113.4096177,23.0229282,464465920.0,0.0,104.0,100.0,99.51365506921063
2023-08-21 07:06:49,113.4096177,23.0229282,487841792.0,0.0,0.0,100.0,99.51365506921063
2023-08-21 07:21:53,113.4096177,23.0229282,516710400.0,0.0,2918.0,100.0,99.51365506921063
2023-08-21 07:36:58,113.4096177,23.0229282,483729408.0,0.0,0.0,100.0,99.51365506921063
2023-08-21 07:52:02,113.4096177,23.0229282,503869440.0,0.0,0.0,100.0,99.51365506921063
2023-08-21 08:07:07,113.4096177,23.0229282,449044480.0,0.0,0.0,100.0,99.51365506921063
2023-08-21 08:22:12,113.409643,23.0229538,463331328.0,0.0,0.0,100.0,99.51365506921063
2023-08-21 08:37:18,113.409643,23.0229538,230158336.0,375.0,393.0,100.0,99.51365506921063
2023-08-21 08:52:23,113.409643,23.0229538,499122176.0,0.0,0.0,100.0,99.51365506921063
2023-08-21 09:07:29,113.409643,23.0229538,455909376.0,543.0,543.0,100.0,99.51365506921063
2023-08-21 09:22:34,113.409643,23.0229538,481619968.0,0.0,3066.0,100.0,99.51365506921063
2023-08-21 09:37:38,113.409643,23.0229538,470917120.0,80.0,0.0,100.0,99.51365506921063
2023-08-21 09:52:43,113.409643,23.0229538,530845696.0,0.0,1156.0,100.0,99.51365506921063
2023-08-21 10:07:48,113.409643,23.0229538,505294848.0,0.0,0.0,100.0,99.31724653946877
2023-08-21 10:22:52,113.409643,23.0229538,534515712.0,140.0,0.0,100.0,99.31724653946877
2023-08-21 10:37:56,113.409643,23.0229538,457220096.0,40.0,40.0,100.0,99.31724653946877
2023-08-21 10:53:01,113.409643,23.0229538,492224512.0,0.0,504.0,100.0,99.31724653946877
2023-08-21 11:08:06,113.409643,23.0229538,530571264.0,543.0,1263.0,100.0,99.31724653946877
2023-08-21 11:23:11,113.409643,23.0229538,430161920.0,0.0,216.0,100.0,99.31724653946877
2023-08-21 11:38:17,113.409643,23.0229538,436166656.0,0.0,0.0,100.0,99.31724653946877
2023-08-21 11:53:22,113.409643,23.0229538,505872384.0,0.0,0.0,100.0,99.31724653946877
2023-08-21 12:08:27,113.409643,23.0229538,463687680.0,0.0,0.0,100.0,99.31724653946877
2023-08-21 12:23:31,113.409643,23.0229538,469508096.0,604.0,667.0,100.0,99.31724653946877
2023-08-21 12:38:35,113.409643,23.0229538,477868032.0,0.0,0.0,100.0,99.31724653946877
2023-08-21 12:53:40,113.409643,23.0229538,500408320.0,0.0,0.0,100.0,99.80359147025813
2023-08-21 13:08:45,113.409643,23.0229538,480428032.0,0.0,0.0,100.0,99.80359147025813
2023-08-21 13:23:49,113.409643,23.0229538,455270400.0,583.0,583.0,100.0,99.80359147025813
2023-08-21 13:38:54,113.409643,23.0229538,509587456.0,0.0,0.0,100.0,99.80359147025813
2023-08-21 13:54:00,113.409643,23.0229538,433713152.0,0.0,0.0,100.0,99.80359147025813
2023-08-21 14:09:04,113.409643,23.0229538,442404864.0,0.0,0.0,100.0,99.80359147025813
2023-08-21 14:24:09,113.4096258,23.0229387,459149312.0,112.0,704.0,100.0,99.80359147025813
2023-08-21 14:39:13,113.4096258,23.0229387,436326400.0,0.0,0.0,100.0,99.80359147025813
2023-08-21 14:54:18,113.4096258,23.0229387,463278080.0,0.0,0.0,100.0,99.80359147025813
2023-08-21 15:09:22,113.4096258,23.0229387,479166464.0,0.0,0.0,100.0,99.80359147025813
2023-08-21 15:24:26,113.4096258,23.0229387,459993088.0,40.0,40.0,100.0,99.80359147025813
2023-08-21 15:39:31,113.4096258,23.0229387,464670720.0,64.0,72.0,100.0,99.80359147025813
2023-08-21 15:54:35,113.4096258,23.0229387,467005440.0,0.0,0.0,100.0,99.80359147025813
2023-08-21 16:09:40,113.4096258,23.0229387,476561408.0,0.0,0.0,100.0,99.80359147025813
2023-08-21 16:24:44,113.4096258,23.0229387,500977664.0,175.0,474.0,100.0,99.80359147025813
2023-08-21 16:39:49,113.4096258,23.0229387,461287424.0,0.0,0.0,100.0,99.80359147025813
2023-08-21 16:54:54,113.4096258,23.0229387,468447232.0,0.0,0.0,100.0,99.80359147025813
2023-08-21 17:09:59,113.4096258,23.0229387,451276800.0,0.0,0.0,100.0,99.80359147025813
2023-08-21 17:25:03,113.4096258,23.0229387,443019264.0,543.0,543.0,100.0,99.71473999251776
2023-08-21 17:40:08,113.4096258,23.0229387,483631104.0,420.0,0.0,100.0,99.71473999251776
2023-08-21 17:55:12,113.4096258,23.0229387,493633536.0,0.0,0.0,100.0,99.71473999251776
2023-08-21 18:10:16,113.4096258,23.0229387,497987584.0,0.0,0.0,100.0,99.71473999251776
2023-08-21 18:25:21,113.4096258,23.0229387,432275456.0,40.0,40.0,100.0,99.91114852225964
2023-08-21 18:40:26,113.4096258,23.0229387,488853504.0,0.0,504.0,100.0,99.91114852225964
2023-08-21 18:55:30,113.4096258,23.0229387,455946240.0,0.0,0.0,100.0,99.91114852225964
2023-08-21 19:10:35,113.4096258,23.0229387,471162880.0,0.0,0.0,100.0,99.91114852225964
2023-08-21 19:25:39,113.4096258,23.0229387,470511616.0,635.0,635.0,100.0,99.91114852225964
2023-08-21 19:40:43,113.4096258,23.0229387,477908992.0,0.0,0.0,100.0,99.91114852225964
2023-08-21 19:55:48,113.4096258,23.0229387,451108864.0,0.0,0.0,100.0,99.91114852225964
2023-08-21 20:10:52,113.4096258,23.0229387,487723008.0,60.0,0.0,100.0,99.91114852225964
2023-08-21 20:25:57,113.4096212,23.022943,524029952.0,375.0,474.0,100.0,99.91114852225964
2023-08-21 20:41:01,113.4096212,23.022943,436486144.0,0.0,0.0,100.0,99.71473999251778
2023-08-21 20:56:06,113.4096212,23.022943,519573504.0,0.0,0.0,100.0,99.71473999251776
2023-08-21 21:11:11,113.4096212,23.022943,489230336.0,60.0,0.0,100.0,99.71473999251776
2023-08-21 21:26:15,113.4096212,23.022943,543772672.0,40.0,40.0,100.0,99.71473999251776
2023-08-21 21:41:20,113.4096212,23.022943,455077888.0,140.0,0.0,100.0,99.71473999251776
2023-08-21 21:56:25,113.4096212,23.022943,513482752.0,0.0,0.0,100.0,99.71473999251776
2023-08-21 22:11:29,113.4096212,23.022943,493760512.0,0.0,0.0,100.0,99.62588851477742
2023-08-21 22:26:34,113.4096212,23.022943,475193344.0,40.0,40.0,100.0,99.62588851477742
2023-08-21 22:41:39,113.4096212,23.022943,486789120.0,0.0,399.0,100.0,99.62588851477742
2023-08-21 22:56:43,113.4096212,23.022943,501407744.0,200.0,724.0,100.0,99.62588851477742
2023-08-21 23:11:48,113.4096212,23.022943,490160128.0,0.0,144.0,100.0,99.62588851477742
2023-08-21 23:26:53,113.4096212,23.022943,470781952.0,0.0,656.0,100.0,99.62588851477742
2023-08-21 23:41:58,113.4096212,23.022943,448536576.0,0.0,72.0,100.0,99.62588851477742
2023-08-21 23:57:02,113.4096212,23.022943,550662144.0,0.0,144.0,100.0,99.62588851477742
2023-08-22 00:12:07,113.4096212,23.022943,463568896.0,72.0,136.0,100.0,99.62588851477742
2023-08-22 00:27:12,113.4096212,23.022943,461721600.0,0.0,0.0,100.0,99.62588851477742
2023-08-22 00:42:16,113.4096212,23.022943,478044160.0,0.0,72.0,100.0,99.62588851477742
2023-08-22 00:57:21,113.4096212,23.022943,441995264.0,0.0,144.0,100.0,99.62588851477742
2023-08-22 01:12:25,113.4096212,23.022943,513183744.0,0.0,72.0,100.0,99.62588851477742
2023-08-22 01:27:30,113.4096212,23.022943,495419392.0,543.0,687.0,100.0,99.62588851477742
2023-08-22 01:42:35,113.4096212,23.022943,431886336.0,0.0,648.0,100.0,99.71473999251776
2023-08-22 01:57:40,113.4096212,23.022943,504053760.0,0.0,72.0,100.0,99.71473999251776
2023-08-22 02:12:45,113.4096212,23.022943,476442624.0,0.0,216.0,100.0,99.71473999251776
2023-08-22 02:27:49,113.409639,23.0229546,474386432.0,0.0,498.0,100.0,99.71473999251776
2023-08-22 02:42:54,113.409639,23.0229546,512712704.0,0.0,288.0,100.0,99.71473999251776
2023-08-22 02:57:59,113.409639,23.0229546,516984832.0,332.0,570.0,100.0,99.71473999251776
2023-08-22 03:13:03,113.409639,23.0229546,530063360.0,0.0,72.0,100.0,99.71473999251776
2023-08-22 03:28:08,113.409639,23.0229546,507142144.0,595.0,667.0,100.0,99.71473999251776
2023-08-22 03:43:13,113.409639,23.0229546,461283328.0,0.0,72.0,100.0,99.71473999251776
2023-08-22 03:58:18,113.409639,23.0229546,511516672.0,0.0,144.0,100.0,99.71473999251776
2023-08-22 04:13:22,113.409639,23.0229546,529215488.0,375.0,555.0,100.0,99.71473999251776
2023-08-22 04:28:27,113.409639,23.0229546,470945792.0,0.0,72.0,100.0,99.71473999251776
2023-08-22 04:43:31,113.409639,23.0229546,441225216.0,332.0,72.0,100.0,99.71473999251776
2023-08-22 04:58:36,113.409639,23.0229546,552562688.0,0.0,72.0,100.0,99.91114852225964
2023-08-22 05:13:41,113.409639,23.0229546,512454656.0,40.0,112.0,100.0,99.91114852225964
2023-08-22 05:28:45,113.409639,23.0229546,460349440.0,0.0,72.0,100.0,99.91114852225964
2023-08-22 05:43:50,113.409639,23.0229546,513744896.0,0.0,144.0,100.0,99.91114852225964
2023-08-22 05:58:55,113.409639,23.0229546,497573888.0,0.0,1500.0,100.0,99.91114852225964
2023-08-22 06:13:59,113.409639,23.0229546,443531264.0,40.0,40.0,100.0,99.91114852225964
2023-08-22 06:29:03,113.409639,23.0229546,445542400.0,332.0,2838.0,100.0,100.0
2023-08-22 06:44:08,113.409639,23.0229546,471658496.0,0.0,0.0,100.0,100.0
2023-08-22 06:59:12,113.409639,23.0229546,476356608.0,0.0,288.0,100.0,100.0
2023-08-22 07:14:16,113.409639,23.0229546,545722368.0,40.0,40.0,100.0,100.0
2023-08-22 07:29:20,113.409639,23.0229546,466690048.0,0.0,72.0,100.0,100.0
2023-08-22 07:44:25,113.409639,23.0229546,458465280.0,0.0,0.0,100.0,100.0
2023-08-22 07:59:29,113.409639,23.0229546,465711104.0,0.0,0.0,100.0,99.91114852225964
2023-08-22 08:14:35,113.409639,23.0229546,454258688.0,0.0,72.0,100.0,99.91114852225964
2023-08-22 08:29:39,113.4096457,23.0229389,478814208.0,0.0,0.0,100.0,99.91114852225964
2023-08-22 08:44:44,113.4096457,23.0229389,470904832.0,0.0,0.0,100.0,99.91114852225964
2023-08-22 08:59:49,113.4096457,23.0229389,441925632.0,40.0,40.0,100.0,99.91114852225964
2023-08-22 09:14:54,113.4096457,23.0229389,604315648.0,0.0,0.0,100.0,99.91114852225964
2023-08-22 09:29:59,113.4096457,23.0229389,500477952.0,0.0,804.0,100.0,99.91114852225964
2023-08-22 09:45:04,113.4096457,23.0229389,491286528.0,0.0,0.0,100.0,99.91114852225964
2023-08-22 10:00:09,113.4096457,23.0229389,437211136.0,0.0,2104.0,100.0,99.91114852225964
2023-08-22 10:15:13,113.4096457,23.0229389,521478144.0,0.0,72.0,100.0,99.91114852225964
2023-08-22 10:30:17,113.4096457,23.0229389,586289152.0,0.0,0.0,100.0,99.91114852225964
2023-08-22 10:45:21,113.4096457,23.0229389,453197824.0,52.0,52.0,100.0,99.91114852225964
2023-08-22 11:00:26,113.4096457,23.0229389,495374336.0,40.0,40.0,100.0,99.91114852225964
2023-08-22 11:15:31,113.4096457,23.0229389,505729024.0,0.0,0.0,100.0,99.91114852225964
2023-08-22 11:30:35,113.4096457,23.0229389,509194240.0,0.0,288.0,100.0,99.91114852225964
2023-08-22 11:45:40,113.4096457,23.0229389,462663680.0,0.0,0.0,100.0,99.91114852225964
2023-08-22 12:00:44,113.4096457,23.0229389,463941632.0,415.0,473.0,100.0,99.91114852225964
2023-08-22 12:15:49,113.4096457,23.0229389,457207808.0,0.0,0.0,100.0,99.71473999251778
2023-08-22 12:30:53,113.4096457,23.0229389,479940608.0,0.0,2412.0,100.0,99.71473999251776
2023-08-22 12:45:57,113.4096457,23.0229389,456716288.0,0.0,0.0,100.0,99.71473999251776
2023-08-22 13:01:01,113.4096457,23.0229389,465903616.0,0.0,0.0,100.0,99.71473999251776
2023-08-22 13:16:06,113.4096457,23.0229389,493789184.0,0.0,0.0,100.0,99.71473999251776
2023-08-22 13:31:11,113.4096457,23.0229389,478175232.0,0.0,0.0,100.0,99.71473999251776
2023-08-22 13:46:15,113.4096457,23.0229389,490446848.0,0.0,0.0,100.0,99.71473999251776
2023-08-22 14:01:20,113.4096457,23.0229389,502091776.0,0.0,0.0,100.0,99.71473999251776
2023-08-22 14:16:25,113.4096582,23.0229415,519438336.0,0.0,0.0,100.0,99.71473999251776
2023-08-22 14:31:29,113.4096582,23.0229415,478818304.0,0.0,0.0,100.0,99.71473999251776
2023-08-22 14:46:34,113.4096582,23.0229415,510197760.0,0.0,0.0,100.0,99.71473999251776
2023-08-22 15:01:38,113.4096582,23.0229415,448344064.0,0.0,0.0,100.0,99.71473999251776
2023-08-22 15:16:42,113.4096582,23.0229415,542502912.0,0.0,89.0,100.0,99.71473999251776
2023-08-22 15:31:47,113.4096582,23.0229415,479567872.0,0.0,936.0,100.0,99.71473999251776
2023-08-22 15:46:51,113.4096582,23.0229415,468430848.0,0.0,0.0,100.0,99.71473999251776
2023-08-22 16:01:56,113.4096582,23.0229415,453435392.0,0.0,0.0,100.0,99.71473999251776
2023-08-22 16:17:01,113.4096582,23.0229415,515158016.0,0.0,0.0,100.0,99.80359147025813
2023-08-22 16:32:05,113.4096582,23.0229415,548089856.0,0.0,0.0,100.0,99.80359147025813
2023-08-22 16:47:09,113.4096582,23.0229415,453226496.0,0.0,0.0,100.0,99.80359147025813
2023-08-22 17:02:13,113.4096582,23.0229415,514764800.0,0.0,0.0,100.0,99.80359147025813
2023-08-22 17:17:18,113.4096582,23.0229415,539676672.0,0.0,432.0,100.0,99.80359147025813
2023-08-22 17:32:23,113.4096582,23.0229415,519520256.0,0.0,0.0,100.0,99.80359147025813
2023-08-22 17:47:27,113.4096582,23.0229415,442007552.0,0.0,0.0,100.0,99.80359147025813
2023-08-22 18:02:31,113.4096582,23.0229415,482369536.0,0.0,0.0,100.0,99.80359147025813
2023-08-22 18:17:36,113.4096582,23.0229415,504795136.0,0.0,324.0,100.0,99.80359147025813
2023-08-22 18:32:40,113.4096582,23.0229415,545648640.0,0.0,0.0,100.0,99.80359147025813
2023-08-22 18:47:45,113.4096582,23.0229415,462344192.0,0.0,0.0,100.0,99.80359147025813
2023-08-22 19:02:50,113.4096582,23.0229415,464932864.0,0.0,0.0,100.0,99.80359147025813
2023-08-22 19:17:54,113.4096582,23.0229415,538411008.0,40.0,40.0,100.0,99.80359147025813
2023-08-22 19:32:59,113.4096582,23.0229415,447258624.0,0.0,0.0,100.0,99.80359147025813
2023-08-22 19:48:03,113.4096582,23.0229415,443371520.0,0.0,0.0,100.0,99.80359147025813
2023-08-22 20:03:08,113.4096582,23.0229415,505597952.0,0.0,0.0,100.0,99.80359147025813
2023-08-22 20:18:12,113.4096579,23.0229451,500064256.0,0.0,0.0,100.0,99.80359147025813
2023-08-22 20:33:18,113.4096579,23.0229451,449912832.0,0.0,72.0,100.0,100.0
2023-08-22 20:48:22,113.4096579,23.0229451,459124736.0,0.0,0.0,100.0,100.0
2023-08-22 21:03:26,113.4096579,23.0229451,488779776.0,0.0,0.0,100.0,100.0
2023-08-22 21:18:31,113.4096579,23.0229451,467070976.0,0.0,854.0,100.0,100.0
2023-08-22 21:33:36,113.4096579,23.0229451,453779456.0,0.0,0.0,100.0,100.0
2023-08-22 21:48:41,113.4096579,23.0229451,434864128.0,0.0,0.0,100.0,100.0
2023-08-22 22:03:45,113.4096579,23.0229451,462323712.0,169.0,202.0,100.0,100.0
2023-08-22 22:18:49,113.4096579,23.0229451,442753024.0,0.0,0.0,100.0,100.0
2023-08-22 22:33:55,113.4096579,23.0229451,520716288.0,0.0,0.0,100.0,100.0
2023-08-22 22:48:59,113.4096579,23.0229451,475615232.0,0.0,340.0,100.0,100.0
2023-08-22 23:04:03,113.4096579,23.0229451,470532096.0,0.0,0.0,100.0,100.0
2023-08-22 23:19:07,113.4096579,23.0229451,467034112.0,0.0,0.0,100.0,100.0
2023-08-22 23:34:12,113.4096579,23.0229451,497971200.0,0.0,0.0,100.0,100.0
2023-08-22 23:49:17,113.4096579,23.0229451,510832640.0,0.0,0.0,100.0,100.0
2023-08-23 00:04:21,113.4096579,23.0229451,490852352.0,0.0,72.0,100.0,100.0
2023-08-23 00:19:26,113.4096579,23.0229451,491159552.0,0.0,0.0,100.0,100.0
2023-08-23 00:34:31,113.4096579,23.0229451,490643456.0,0.0,0.0,100.0,100.0
2023-08-23 00:49:36,113.4096579,23.0229451,502964224.0,0.0,72.0,100.0,100.0
2023-08-23 01:04:41,113.4096579,23.0229451,528592896.0,0.0,0.0,100.0,100.0
2023-08-23 01:19:45,113.4096579,23.0229451,471306240.0,0.0,72.0,100.0,100.0
2023-08-23 01:34:49,113.4096579,23.0229451,523042816.0,0.0,0.0,100.0,100.0
2023-08-23 01:49:54,113.4096579,23.0229451,486182912.0,0.0,0.0,100.0,100.0
2023-08-23 02:04:58,113.4096579,23.0229451,453980160.0,0.0,0.0,100.0,100.0
2023-08-23 02:20:03,113.4096095,23.022917,439267328.0,0.0,0.0,100.0,100.0
2023-08-23 02:35:09,113.4096095,23.022917,475193344.0,0.0,0.0,100.0,100.0
2023-08-23 02:50:14,113.4096095,23.022917,501260288.0,0.0,0.0,100.0,100.0
2023-08-23 03:05:18,113.4096095,23.022917,475561984.0,0.0,0.0,100.0,100.0
2023-08-23 03:20:22,113.4096095,23.022917,521633792.0,543.0,543.0,100.0,100.0
2023-08-23 03:35:27,113.4096095,23.022917,468185088.0,325.0,207.0,100.0,100.0
2023-08-23 03:50:31,113.4096095,23.022917,459915264.0,0.0,0.0,100.0,100.0
2023-08-23 04:05:36,113.4096095,23.022917,484380672.0,0.0,0.0,100.0,100.0
2023-08-23 04:20:41,113.4096095,23.022917,468680704.0,0.0,0.0,100.0,100.0
2023-08-23 04:35:45,113.4096095,23.022917,508182528.0,0.0,0.0,100.0,100.0
2023-08-23 04:50:50,113.4096095,23.022917,460058624.0,0.0,0.0,100.0,100.0
2023-08-23 05:05:55,113.4096095,23.022917,464486400.0,0.0,0.0,100.0,100.0
2023-08-23 05:20:59,113.4096095,23.022917,447074304.0,543.0,543.0,100.0,100.0
2023-08-23 05:36:03,113.4096095,23.022917,524390400.0,0.0,0.0,100.0,100.0
2023-08-23 05:51:08,113.4096095,23.022917,445472768.0,0.0,0.0,100.0,100.0
2023-08-23 06:06:13,113.4096095,23.022917,523370496.0,0.0,0.0,100.0,100.0
2023-08-23 06:21:18,113.4096095,23.022917,480350208.0,0.0,0.0,100.0,100.0
2023-08-23 06:36:22,113.4096095,23.022917,470237184.0,0.0,0.0,100.0,100.0
2023-08-23 06:51:27,113.4096095,23.022917,459149312.0,0.0,0.0,100.0,100.0
2023-08-23 07:06:32,113.4096095,23.022917,545185792.0,0.0,52.0,100.0,100.0
2023-08-23 07:21:37,113.4096095,23.022917,480071680.0,140.0,1148.0,100.0,100.0
2023-08-23 07:36:42,113.4096095,23.022917,431263744.0,0.0,0.0,100.0,100.0
2023-08-23 07:51:47,113.4096095,23.022917,465625088.0,0.0,2310.0,100.0,100.0
2023-08-23 08:06:52,113.4096095,23.022917,459485184.0,0.0,0.0,100.0,100.0
2023-08-23 08:21:56,113.4096406,23.0229255,488034304.0,0.0,0.0,100.0,100.0
2023-08-23 08:37:01,113.4096406,23.0229255,455200768.0,0.0,504.0,100.0,100.0
2023-08-23 08:52:06,113.4096406,23.0229255,448602112.0,0.0,2570.0,100.0,100.0
2023-08-23 09:07:11,113.4096406,23.0229255,465035264.0,0.0,4347.0,100.0,100.0
2023-08-23 09:22:16,113.4096406,23.0229255,499138560.0,0.0,432.0,100.0,100.0
2023-08-23 09:37:21,113.4096406,23.0229255,488513536.0,0.0,0.0,100.0,100.0
2023-08-23 09:52:26,113.4096406,23.0229255,499499008.0,0.0,0.0,100.0,100.0
2023-08-23 10:07:30,113.4096406,23.0229255,455286784.0,0.0,72.0,100.0,100.0
2023-08-23 10:22:35,113.4096406,23.0229255,464535552.0,204.0,1114.0,100.0,100.0
2023-08-23 10:37:40,113.4096406,23.0229255,513724416.0,0.0,0.0,100.0,100.0
2023-08-23 10:52:45,113.4096406,23.0229255,495583232.0,0.0,0.0,100.0,100.0
2023-08-23 11:07:50,113.4096406,23.0229255,486350848.0,0.0,0.0,100.0,100.0
2023-08-23 11:22:54,113.4096406,23.0229255,457904128.0,0.0,2766.0,100.0,100.0
2023-08-23 11:37:59,113.4096406,23.0229255,456511488.0,543.0,1287.0,100.0,100.0
2023-08-23 11:53:04,113.4096406,23.0229255,486084608.0,0.0,0.0,100.0,100.0
2023-08-23 12:08:09,113.4096406,23.0229255,501002240.0,0.0,1858.0,100.0,100.0
2023-08-23 12:23:14,113.4096406,23.0229255,466886656.0,0.0,0.0,100.0,100.0
2023-08-23 12:38:18,113.4096406,23.0229255,481501184.0,0.0,0.0,100.0,100.0
2023-08-23 12:53:23,113.4096406,23.0229255,456507392.0,0.0,0.0,100.0,100.0
2023-08-23 13:08:27,113.4096406,23.0229255,471486464.0,0.0,816.0,100.0,100.0
2023-08-23 13:23:32,113.4096406,23.0229255,430940160.0,0.0,72.0,100.0,100.0
2023-08-23 13:38:37,113.4096406,23.0229255,489119744.0,0.0,0.0,100.0,100.0
2023-08-23 13:53:42,113.4096406,23.0229255,473972736.0,415.0,633.0,100.0,100.0
2023-08-23 14:08:46,113.4096406,23.0229255,447053824.0,0.0,0.0,100.0,100.0
2023-08-23 14:23:51,113.4106898,23.0204056,434028544.0,0.0,0.0,100.0,100.0
2023-08-23 14:38:55,113.4106898,23.0204056,479006720.0,0.0,72.0,100.0,100.0
2023-08-23 14:54:00,113.4106898,23.0204056,511700992.0,40.0,1936.0,100.0,100.0
2023-08-23 15:09:04,113.4106898,23.0204056,531427328.0,112.0,1772.0,100.0,100.0
2023-08-23 15:24:09,113.4106898,23.0204056,445857792.0,0.0,0.0,100.0,100.0
2023-08-23 15:39:14,113.4106898,23.0204056,443789312.0,0.0,72.0,100.0,100.0
2023-08-23 15:54:18,113.4106898,23.0204056,473624576.0,40.0,184.0,100.0,100.0
2023-08-23 16:09:23,113.4106898,23.0204056,507117568.0,0.0,0.0,100.0,100.0
2023-08-23 16:24:27,113.4106898,23.0204056,460025856.0,0.0,0.0,100.0,100.0
2023-08-23 16:39:32,113.4106898,23.0204056,505442304.0,0.0,0.0,100.0,99.91114852225964
2023-08-23 16:54:36,113.4106898,23.0204056,485302272.0,40.0,40.0,100.0,99.91114852225964
2023-08-23 17:09:41,113.4106898,23.0204056,464531456.0,0.0,396.0,100.0,99.91114852225964
2023-08-23 17:24:46,113.4106898,23.0204056,470392832.0,0.0,0.0,100.0,99.91114852225964
2023-08-23 17:39:50,113.4106898,23.0204056,526184448.0,0.0,0.0,100.0,99.91114852225964
2023-08-23 17:54:55,113.4106898,23.0204056,466911232.0,0.0,340.0,100.0,99.71473999251778
2023-08-23 18:10:00,113.4106898,23.0204056,468742144.0,0.0,72.0,100.0,99.71473999251776
2023-08-23 18:25:05,113.4106898,23.0204056,503279616.0,0.0,0.0,100.0,99.71473999251776
2023-08-23 18:40:10,113.4106898,23.0204056,476499968.0,0.0,0.0,100.0,99.71473999251776
2023-08-23 18:55:14,113.4106898,23.0204056,516571136.0,0.0,0.0,100.0,99.71473999251776
2023-08-23 19:10:18,113.4106898,23.0204056,518967296.0,0.0,0.0,100.0,99.71473999251776
2023-08-23 19:25:23,113.4106898,23.0204056,497344512.0,1018.0,60.0,100.0,99.71473999251776
2023-08-23 19:40:28,113.4106898,23.0204056,510296064.0,543.0,543.0,100.0,99.71473999251776
2023-08-23 19:55:32,113.4106898,23.0204056,464879616.0,0.0,864.0,100.0,99.71473999251776
2023-08-23 20:10:37,113.4106898,23.0204056,482635776.0,0.0,0.0,100.0,99.71473999251776
2023-08-23 20:25:40,113.4096302,23.0229383,491884544.0,0.0,0.0,100.0,99.71473999251776
2023-08-23 20:40:44,113.4096302,23.0229383,488636416.0,0.0,0.0,100.0,99.71473999251776
2023-08-23 20:55:50,113.4096302,23.0229383,458719232.0,40.0,40.0,100.0,99.71473999251776
2023-08-23 21:10:54,113.4096302,23.0229383,458162176.0,0.0,300.0,100.0,99.71473999251776
2023-08-23 21:25:59,113.4096302,23.0229383,471375872.0,543.0,743.0,100.0,99.71473999251776
2023-08-23 21:41:04,113.4096302,23.0229383,472444928.0,0.0,0.0,100.0,99.71473999251776
2023-08-23 21:56:09,113.4096302,23.0229383,541749248.0,0.0,174.0,100.0,99.71473999251776
2023-08-23 22:11:14,113.4096302,23.0229383,508641280.0,0.0,0.0,100.0,99.71473999251776
2023-08-23 22:26:19,113.4096302,23.0229383,459304960.0,0.0,144.0,100.0,99.71473999251776
2023-08-23 22:41:22,113.4096302,23.0229383,492953600.0,0.0,880.0,100.0,99.71473999251776
2023-08-23 22:56:27,113.4096302,23.0229383,483864576.0,0.0,406.0,100.0,99.71473999251776
2023-08-23 23:11:31,113.4096302,23.0229383,445743104.0,0.0,0.0,100.0,99.71473999251776
2023-08-23 23:26:36,113.4096302,23.0229383,518774784.0,0.0,160.0,100.0,99.71473999251776
2023-08-23 23:41:40,113.4096302,23.0229383,474689536.0,0.0,0.0,100.0,99.71473999251776
2023-08-23 23:56:45,113.4096302,23.0229383,500383744.0,0.0,144.0,100.0,99.71473999251776
2023-08-24 00:11:50,113.4096302,23.0229383,503668736.0,0.0,72.0,100.0,99.71473999251776
2023-08-24 00:26:54,113.4096302,23.0229383,531402752.0,0.0,0.0,100.0,99.71473999251776
2023-08-24 00:41:59,113.4096302,23.0229383,502132736.0,0.0,144.0,100.0,99.71473999251776
2023-08-24 00:57:04,113.4096302,23.0229383,479387648.0,0.0,0.0,100.0,99.80359147025813
2023-08-24 01:12:09,113.4096302,23.0229383,542629888.0,0.0,300.0,100.0,99.80359147025813
2023-08-24 01:27:13,113.4096302,23.0229383,476680192.0,0.0,0.0,100.0,99.80359147025813
2023-08-24 01:42:18,113.4096302,23.0229383,467972096.0,918.0,977.0,100.0,99.80359147025813
2023-08-24 01:57:23,113.4096302,23.0229383,520372224.0,0.0,0.0,100.0,99.80359147025813
2023-08-24 02:12:28,113.4096302,23.0229383,512765952.0,0.0,0.0,100.0,100.0
2023-08-24 02:27:32,113.4095412,23.0226813,456470528.0,0.0,0.0,100.0,100.0
2023-08-24 02:42:37,113.4095412,23.0226813,494280704.0,40.0,40.0,100.0,100.0
2023-08-24 02:57:42,113.4095412,23.0226813,558678016.0,0.0,0.0,100.0,100.0
2023-08-24 03:12:46,113.4095412,23.0226813,502562816.0,0.0,0.0,100.0,100.0
2023-08-24 03:27:51,113.4095412,23.0226813,495923200.0,0.0,0.0,100.0,100.0
2023-08-24 03:42:55,113.4095412,23.0226813,498896896.0,0.0,0.0,100.0,100.0
2023-08-24 03:58:00,113.4095412,23.0226813,488198144.0,0.0,0.0,100.0,100.0
2023-08-24 04:13:04,113.4095412,23.0226813,495972352.0,0.0,0.0,100.0,100.0
2023-08-24 04:28:09,113.4095412,23.0226813,524787712.0,0.0,0.0,100.0,100.0
2023-08-24 04:43:14,113.4095412,23.0226813,459632640.0,0.0,144.0,100.0,100.0
2023-08-24 04:58:18,113.4095412,23.0226813,488296448.0,0.0,0.0,100.0,100.0
2023-08-24 05:13:23,113.4095412,23.0226813,492298240.0,0.0,360.0,100.0,100.0
2023-08-24 05:28:27,113.4095412,23.0226813,478511104.0,135.0,328.0,100.0,100.0
2023-08-24 05:43:32,113.4095412,23.0226813,471715840.0,0.0,0.0,100.0,100.0
2023-08-24 05:58:36,113.4095412,23.0226813,438575104.0,0.0,0.0,100.0,100.0
2023-08-24 06:13:40,113.4095412,23.0226813,518598656.0,0.0,0.0,100.0,100.0
2023-08-24 06:28:46,113.4095412,23.0226813,476475392.0,0.0,1500.0,100.0,100.0
2023-08-24 06:43:50,113.4095412,23.0226813,467550208.0,0.0,1400.0,100.0,100.0
2023-08-24 06:58:55,113.4095412,23.0226813,537112576.0,0.0,459.0,100.0,100.0
2023-08-24 07:13:59,113.4095412,23.0226813,538935296.0,0.0,0.0,100.0,100.0
2023-08-24 07:29:05,113.4095412,23.0226813,468021248.0,0.0,0.0,100.0,100.0
2023-08-24 07:44:08,113.4095412,23.0226813,496058368.0,595.0,827.0,100.0,100.0
2023-08-24 07:59:13,113.4095412,23.0226813,434167808.0,0.0,72.0,100.0,100.0
2023-08-24 08:14:17,113.4095412,23.0226813,502632448.0,0.0,467.0,100.0,100.0
2023-08-24 08:29:22,113.4096108,23.0229089,505630720.0,0.0,144.0,100.0,100.0
2023-08-24 08:44:27,113.4096108,23.0229089,427683840.0,0.0,144.0,100.0,100.0
2023-08-24 08:59:32,113.4096108,23.0229089,446824448.0,0.0,72.0,100.0,100.0
2023-08-24 09:14:37,113.4096108,23.0229089,510771200.0,0.0,0.0,100.0,100.0
2023-08-24 09:29:42,113.4096108,23.0229089,438042624.0,0.0,0.0,100.0,100.0
2023-08-24 09:44:47,113.4096108,23.0229089,532791296.0,487.0,473.0,100.0,100.0
2023-08-24 09:59:50,113.4096108,23.0229089,478011392.0,0.0,0.0,100.0,100.0
2023-08-24 10:14:55,113.4096108,23.0229089,515170304.0,0.0,0.0,100.0,100.0
2023-08-24 10:30:00,113.4096108,23.0229089,450187264.0,0.0,1074.0,100.0,100.0
2023-08-24 10:45:05,113.4096108,23.0229089,460677120.0,40.0,460.0,100.0,100.0
2023-08-24 11:00:09,113.4096108,23.0229089,477044736.0,0.0,0.0,100.0,100.0
2023-08-24 11:15:14,113.4096108,23.0229089,496807936.0,0.0,0.0,100.0,100.0
2023-08-24 11:30:18,113.4096108,23.0229089,473133056.0,0.0,0.0,100.0,100.0
2023-08-24 11:45:23,113.4096108,23.0229089,471080960.0,583.0,583.0,100.0,100.0
2023-08-24 12:00:28,113.4096108,23.0229089,448376832.0,0.0,780.0,100.0,100.0
2023-08-24 12:15:32,113.4096108,23.0229089,485097472.0,0.0,0.0,100.0,100.0
2023-08-24 12:30:37,113.4096108,23.0229089,451149824.0,0.0,648.0,100.0,100.0
2023-08-24 12:45:42,113.4096108,23.0229089,482017280.0,40.0,256.0,100.0,100.0
2023-08-24 13:00:46,113.4096108,23.0229089,517738496.0,0.0,0.0,100.0,100.0
2023-08-24 13:15:51,113.4096108,23.0229089,503865344.0,0.0,0.0,100.0,100.0
2023-08-24 13:30:56,113.4096108,23.0229089,483844096.0,0.0,0.0,100.0,100.0
2023-08-24 13:46:01,113.4096108,23.0229089,441262080.0,0.0,0.0,100.0,100.0
2023-08-24 14:01:06,113.4096108,23.0229089,481869824.0,0.0,304.0,100.0,100.0
2023-08-24 14:16:11,113.4095055,23.0226348,546762752.0,52.0,310.0,100.0,100.0
2023-08-24 14:31:16,113.4095055,23.0226348,450215936.0,0.0,306.0,100.0,100.0
2023-08-24 14:46:20,113.4095055,23.0226348,498253824.0,0.0,776.0,100.0,100.0
2023-08-24 15:01:26,113.4095055,23.0226348,533463040.0,0.0,0.0,100.0,100.0
2023-08-24 15:16:30,113.4095055,23.0226348,475242496.0,0.0,89.0,100.0,100.0
2023-08-24 15:31:35,113.4095055,23.0226348,495026176.0,0.0,0.0,100.0,100.0
2023-08-24 15:46:39,113.4095055,23.0226348,451125248.0,0.0,0.0,100.0,100.0
2023-08-24 16:01:43,113.4095055,23.0226348,487616512.0,0.0,0.0,100.0,100.0
2023-08-24 16:16:48,113.4095055,23.0226348,546631680.0,0.0,0.0,100.0,100.0
2023-08-24 16:31:52,113.4095055,23.0226348,531025920.0,0.0,0.0,100.0,100.0
2023-08-24 16:46:56,113.4095055,23.0226348,501780480.0,0.0,0.0,100.0,100.0
2023-08-24 17:02:01,113.4095055,23.0226348,499593216.0,0.0,0.0,100.0,100.0
2023-08-24 17:17:06,113.4095055,23.0226348,468467712.0,0.0,0.0,100.0,100.0
2023-08-24 17:32:10,113.4095055,23.0226348,458215424.0,0.0,0.0,100.0,100.0
2023-08-24 17:47:15,113.4095055,23.0226348,459788288.0,0.0,72.0,100.0,100.0
2023-08-24 18:02:19,113.4095055,23.0226348,490532864.0,0.0,0.0,100.0,100.0
2023-08-24 18:17:24,113.4095055,23.0226348,503214080.0,3939.0,7875.0,100.0,100.0
2023-08-24 18:32:29,113.4095055,23.0226348,483799040.0,0.0,0.0,100.0,100.0
2023-08-24 18:47:34,113.4095055,23.0226348,464076800.0,112.0,1772.0,100.0,100.0
2023-08-24 19:02:38,113.4095055,23.0226348,476446720.0,0.0,0.0,100.0,99.80359147025814
2023-08-24 19:17:42,113.4095055,23.0226348,521895936.0,0.0,0.0,100.0,99.80359147025813
2023-08-24 19:32:47,113.4095055,23.0226348,470806528.0,0.0,0.0,100.0,99.80359147025813
2023-08-24 19:47:51,113.4095055,23.0226348,498606080.0,152.0,312.0,100.0,99.80359147025813
2023-08-24 20:02:56,113.4095055,23.0226348,466898944.0,0.0,0.0,100.0,99.80359147025813
2023-08-24 20:18:01,113.4096283,23.0229403,466436096.0,0.0,0.0,100.0,99.80359147025813
2023-08-24 20:33:05,113.4096283,23.0229403,491159552.0,0.0,0.0,100.0,99.80359147025813
2023-08-24 20:48:10,113.4096283,23.0229403,507150336.0,0.0,0.0,100.0,99.80359147025813
2023-08-24 21:03:15,113.4096283,23.0229403,486273024.0,0.0,144.0,100.0,99.80359147025813
2023-08-24 21:18:19,113.4096283,23.0229403,437784576.0,63.0,1360.0,100.0,99.80359147025813
2023-08-24 21:33:23,113.4096283,23.0229403,473784320.0,0.0,0.0,100.0,99.80359147025813
2023-08-24 21:48:27,113.4096283,23.0229403,442552320.0,40.0,40.0,100.0,99.80359147025813
2023-08-24 22:03:31,113.4096283,23.0229403,463253504.0,0.0,720.0,100.0,99.80359147025813
2023-08-24 22:18:37,113.4096283,23.0229403,545959936.0,0.0,0.0,100.0,99.80359147025813
2023-08-24 22:33:41,113.4096283,23.0229403,501727232.0,0.0,0.0,100.0,99.80359147025813
2023-08-24 22:48:45,113.4096283,23.0229403,448147456.0,40.0,40.0,100.0,99.80359147025813
2023-08-24 23:03:49,113.4096283,23.0229403,468783104.0,0.0,0.0,100.0,99.80359147025813
2023-08-24 23:18:54,113.4096283,23.0229403,487514112.0,0.0,0.0,100.0,99.80359147025813
2023-08-24 23:33:59,113.4096283,23.0229403,434692096.0,0.0,0.0,100.0,99.80359147025813
2023-08-24 23:49:04,113.4096283,23.0229403,478220288.0,40.0,40.0,100.0,99.80359147025813
2023-08-25 00:04:08,113.4096283,23.0229403,459984896.0,0.0,0.0,100.0,99.80359147025813
2023-08-25 00:19:12,113.4096283,23.0229403,451641344.0,0.0,0.0,100.0,99.80359147025813
2023-08-25 00:34:17,113.4096283,23.0229403,478883840.0,0.0,0.0,100.0,99.80359147025813
2023-08-25 00:49:21,113.4096283,23.0229403,466608128.0,375.0,830.0,100.0,99.80359147025813
2023-08-25 01:04:26,113.4096283,23.0229403,486449152.0,64.0,72.0,100.0,99.80359147025813
2023-08-25 01:19:31,113.4096283,23.0229403,444878848.0,2749.0,7357.0,100.0,99.80359147025813
2023-08-25 01:34:36,113.4096283,23.0229403,488185856.0,0.0,0.0,100.0,99.80359147025813
2023-08-25 01:49:41,113.4096283,23.0229403,471138304.0,0.0,0.0,100.0,99.80359147025813
2023-08-25 02:04:46,113.4096283,23.0229403,486027264.0,0.0,0.0,100.0,99.80359147025813
2023-08-25 02:19:50,113.4096243,23.0229481,536039424.0,0.0,0.0,100.0,99.80359147025813
2023-08-25 02:34:55,113.4096243,23.0229481,483860480.0,0.0,0.0,100.0,99.80359147025813
2023-08-25 02:50:00,113.4096243,23.0229481,470945792.0,0.0,576.0,100.0,99.80359147025813
2023-08-25 03:05:05,113.4096243,23.0229481,528138240.0,0.0,521.0,100.0,99.80359147025813
2023-08-25 03:20:10,113.4096243,23.0229481,496771072.0,0.0,0.0,100.0,100.0
2023-08-25 03:35:14,113.4096243,23.0229481,509067264.0,0.0,0.0,100.0,100.0
2023-08-25 03:50:18,113.4096243,23.0229481,464343040.0,0.0,72.0,100.0,100.0
2023-08-25 04:05:23,113.4096243,23.0229481,438272000.0,0.0,0.0,100.0,100.0
2023-08-25 04:20:28,113.4096243,23.0229481,503668736.0,500.0,0.0,100.0,100.0
2023-08-25 04:35:32,113.4096243,23.0229481,467890176.0,0.0,0.0,100.0,100.0
2023-08-25 04:50:37,113.4096243,23.0229481,447414272.0,0.0,0.0,100.0,100.0
2023-08-25 05:05:41,113.4096243,23.0229481,553222144.0,0.0,0.0,100.0,100.0
2023-08-25 05:20:45,113.4096243,23.0229481,460251136.0,0.0,72.0,100.0,100.0
2023-08-25 05:35:49,113.4096243,23.0229481,450871296.0,0.0,0.0,100.0,100.0
2023-08-25 05:50:54,113.4096243,23.0229481,483807232.0,0.0,0.0,100.0,100.0
2023-08-25 06:05:58,113.4096243,23.0229481,518995968.0,0.0,144.0,100.0,99.91114852225964
2023-08-25 06:21:03,113.4096243,23.0229481,447782912.0,0.0,248.0,100.0,99.91114852225964
2023-08-25 06:36:09,113.4096243,23.0229481,457637888.0,72.0,136.0,100.0,99.91114852225964
2023-08-25 06:51:13,113.4096243,23.0229481,476663808.0,0.0,0.0,100.0,99.71473999251778
2023-08-25 07:06:18,113.4096243,23.0229481,496803840.0,0.0,0.0,100.0,99.5183314627759
2023-08-25 07:21:22,113.4096243,23.0229481,467849216.0,0.0,72.0,100.0,99.5183314627759
2023-08-25 07:36:27,113.4096243,23.0229481,498020352.0,0.0,0.0,100.0,99.5183314627759
2023-08-25 07:51:32,113.4096243,23.0229481,477667328.0,0.0,176.0,100.0,99.5183314627759
2023-08-25 08:06:36,113.4096243,23.0229481,454594560.0,0.0,0.0,100.0,99.5183314627759
2023-08-25 08:21:40,113.4096296,23.0229469,467681280.0,0.0,0.0,100.0,99.5183314627759
2023-08-25 08:36:45,113.4096296,23.0229469,432742400.0,0.0,0.0,100.0,99.5183314627759
2023-08-25 08:51:50,113.4096296,23.0229469,440184832.0,0.0,0.0,100.0,99.5183314627759
2023-08-25 11:16:01,113.4096296,23.0229469,493748224.0,2447.0,2669.0,76.0,99.5183314627759
2023-08-25 11:16:01,113.4096296,23.0229469,495247360.0,2633.0,6339.0,76.0,99.39206883651327
2023-08-25 11:31:04,113.4096296,23.0229469,482533376.0,0.0,0.0,85.0,99.18163112607559
2023-08-25 11:31:04,113.4096296,23.0229469,481480704.0,0.0,0.0,85.0,99.18163112607559
2023-08-25 11:46:06,113.4096296,23.0229469,507486208.0,0.0,0.0,93.0,99.18163112607557
2023-08-25 11:46:06,113.4096296,23.0229469,506990592.0,0.0,0.0,93.0,99.18163112607557
2023-08-25 12:01:07,113.4096296,23.0229469,463491072.0,140.0,0.0,100.0,99.18163112607557
2023-08-25 12:16:09,113.4096296,23.0229469,489107456.0,0.0,0.0,100.0,99.18163112607559
2023-08-25 12:31:10,113.4096296,23.0229469,529666048.0,0.0,0.0,100.0,99.0927796483352
2023-08-25 12:47:21,113.4096296,23.0229469,428097536.0,672.0,2132.0,100.0,99.09277964833521
2023-08-25 12:47:21,113.4096296,23.0229469,427429888.0,672.0,2132.0,100.0,99.0927796483352
2023-08-25 13:02:22,113.4096296,23.0229469,498212864.0,140.0,0.0,100.0,98.96651702207258
2023-08-25 13:17:25,113.4096296,23.0229469,553627648.0,140.0,360.0,100.0,98.96651702207258
2023-08-25 13:17:26,113.4096296,23.0229469,552464384.0,140.0,0.0,100.0,98.9665170220726
2023-08-25 13:32:27,113.4096296,23.0229469,494804992.0,0.0,0.0,100.0,98.96651702207258
2023-08-25 13:47:29,113.4096296,23.0229469,445116416.0,3042.0,7170.0,100.0,98.75140291806957
2023-08-25 13:47:30,113.4096296,23.0229469,443408384.0,2710.0,6497.0,100.0,98.75140291806957
2023-08-25 14:02:31,113.4096296,23.0229469,474558464.0,40.0,40.0,100.0,98.63449307893754
2023-08-25 14:17:32,113.4096266,23.0229482,470028288.0,205.0,713.0,100.0,98.63449307893752
2023-08-25 14:32:34,113.4096266,23.0229482,529465344.0,3517.0,7444.0,100.0,98.63449307893752
2023-08-25 14:32:35,113.4096266,23.0229482,529031168.0,3960.0,7906.0,100.0,98.63449307893752
2023-08-25 14:48:01,113.4096266,23.0229482,456749056.0,0.0,0.0,100.0,98.72334455667789
2023-08-25 14:48:01,113.4096266,23.0229482,456146944.0,0.0,0.0,100.0,98.72334455667789
2023-08-25 15:03:03,113.4096266,23.0229482,514072576.0,0.0,0.0,100.0,98.58305274971941
2023-08-25 15:18:04,113.4096266,23.0229482,465690624.0,0.0,0.0,100.0,98.77946127946127
2023-08-25 15:33:06,113.4096266,23.0229482,441335808.0,0.0,0.0,100.0,98.88701833146277
2023-08-25 15:33:06,113.4096266,23.0229482,440160256.0,0.0,0.0,100.0,98.88701833146277
2023-08-25 15:48:08,113.4096266,23.0229482,458051584.0,0.0,0.0,100.0,98.88701833146277
2023-08-25 16:03:09,113.4096266,23.0229482,487858176.0,0.0,0.0,100.0,98.88701833146277
2023-08-25 16:18:11,113.4096266,23.0229482,493514752.0,0.0,0.0,100.0,98.78413767302656
2023-08-25 16:18:11,113.4096266,23.0229482,492613632.0,0.0,0.0,100.0,98.58772914328469
2023-08-25 16:33:13,113.4096266,23.0229482,432680960.0,0.0,0.0,100.0,98.54359567901234
2023-08-25 16:48:14,113.4096266,23.0229482,480337920.0,0.0,0.0,100.0,98.49661489446437
2023-08-25 17:03:16,113.4096266,23.0229482,494542848.0,0.0,0.0,100.0,98.44650205761317
2023-08-25 17:18:48,113.4096266,23.0229482,445100032.0,2124.0,2724.0,100.0,98.53661132396766
2023-08-25 17:18:49,113.4096266,23.0229482,448679936.0,2649.0,9576.0,100.0,98.73236331569667
2023-08-25 17:33:50,113.4096266,23.0229482,470069248.0,0.0,0.0,100.0,98.68541380887062
2023-08-25 17:49:01,113.4096266,23.0229482,452960256.0,0.0,0.0,100.0,98.63485280151949
2023-08-25 17:49:01,113.4096266,23.0229482,451624960.0,0.0,0.0,100.0,98.58024691358025
2023-08-25 18:04:03,113.4096266,23.0229482,472985600.0,0.0,0.0,100.0,98.52109053497942
2023-08-25 18:19:04,113.4096266,23.0229482,541171712.0,60.0,574.0,100.0,98.45679012345681
2023-08-25 18:34:06,113.4096266,23.0229482,544579584.0,0.0,156.0,100.0,98.51992143658812
2023-08-25 18:49:08,113.4096266,23.0229482,463867904.0,0.0,0.0,100.0,98.44944150499705
2023-08-25 18:49:08,113.4096266,23.0229482,463585280.0,0.0,0.0,100.0,98.37191358024691
2023-08-25 19:04:09,113.4096266,23.0229482,512745472.0,0.0,0.0,100.0,98.50552306692657
2023-08-25 19:19:11,113.4096266,23.0229482,571392000.0,0.0,0.0,100.0,98.42249657064471
2023-08-25 19:34:12,113.4096266,23.0229482,472051712.0,60.0,0.0,100.0,98.32970225127087
