date,Minimum,Maximum,Average
2013-06-16,26,32,29.0
2013-06-17,20,25,22.5
2013-06-18,22,26,24.0
2013-06-19,24,28,26.0
2013-06-20,22,26,24.0
2013-06-21,15,20,17.5
2013-06-25,25,30,27.5
2013-06-26,20,25,22.5
2013-06-27,18,24,21.0
2013-06-28,24,28,26.0
2013-06-30,18,22,20.0
2013-07-01,15,20,17.5
2013-07-02,15,20,17.5
2013-07-03,14,18,16.0
2013-07-04,14,18,16.0
2013-07-05,18,24,21.0
2013-07-09,20,25,22.5
2013-07-10,30,35,32.5
2013-07-11,32,38,35.0
2013-07-12,44,48,46.0
2013-07-14,50,55,52.5
2013-07-15,50,55,52.5
2013-07-16,48,52,50.0
2013-07-17,46,52,49.0
2013-07-18,40,45,42.5
2013-07-19,36,40,38.0
2013-07-21,28,32,30.0
2013-07-22,28,32,30.0
2013-07-23,30,35,32.5
2013-07-24,32,36,34.0
2013-07-25,40,45,42.5
2013-07-26,40,45,42.5
2013-07-28,40,45,42.5
2013-07-29,42,46,44.0
2013-07-30,38,42,40.0
2013-07-31,35,40,37.5
2013-08-01,34,38,36.0
2013-08-02,25,35,30.0
2013-08-04,25,30,27.5
2013-08-05,25,30,27.5
2013-08-06,28,34,31.0
2013-08-07,25,30,27.5
2013-08-08,20,25,22.5
2013-08-12,24,28,26.0
2013-08-13,25,30,27.5
2013-08-14,25,30,27.5
2013-08-15,25,32,28.5
2013-08-16,35,40,37.5
2013-08-18,30,35,32.5
2013-08-19,35,40,37.5
2013-08-20,38,42,40.0
2013-08-23,40,44,42.0
2013-08-25,30,35,32.5
2013-08-26,28,32,30.0
2013-08-27,28,32,30.0
2013-08-29,34,38,36.0
2013-08-30,30,35,32.5
2013-09-01,30,35,32.5
2013-09-02,35,40,37.5
2013-09-03,40,45,42.5
2013-09-04,40,45,42.5
2013-09-05,45,50,47.5
2013-09-06,50,55,52.5
2013-09-08,50,56,53.0
2013-09-09,55,60,57.5
2013-09-10,44,50,47.0
2013-09-11,38,42,40.0
2013-09-12,36,42,39.0
2013-09-13,35,40,37.5
2013-09-15,35,40,37.5
2013-09-16,32,38,35.0
2013-09-17,35,40,37.5
2013-09-19,35,40,37.5
2013-09-20,35,40,37.5
2013-09-22,30,35,32.5
2013-09-23,30,35,32.5
2013-09-24,30,35,32.5
2013-09-25,30,31,30.5
2013-09-26,30,35,32.5
2013-09-27,35,40,37.5
2013-09-29,35,40,37.5
2013-09-30,38,42,40.0
2013-10-01,38,42,40.0
2013-10-02,40,45,42.5
2013-10-03,40,45,42.5
2013-10-04,40,45,42.5
2013-10-06,65,75,70.0
2013-10-07,60,70,65.0
2013-10-08,55,60,57.5
2013-10-09,75,80,77.5
2013-10-10,75,80,77.5
2013-10-11,75,80,77.5
2013-10-12,60,70,65.0
2013-10-13,65,75,70.0
2013-10-14,65,75,70.0
2013-10-15,65,70,67.5
2013-10-16,55,65,60.0
2013-10-17,40,50,45.0
2013-10-20,30,35,32.5
2013-10-21,35,40,37.5
2013-10-22,30,35,32.5
2013-10-23,30,35,32.5
2013-10-24,35,40,37.5
2013-10-25,35,45,40.0
2013-10-27,45,50,47.5
2013-10-28,45,50,47.5
2013-10-29,45,55,50.0
2013-10-30,45,50,47.5
2013-10-31,45,50,47.5
2013-11-01,40,50,45.0
2013-11-04,50,55,52.5
2013-11-05,55,64,59.5
2013-11-06,60,70,65.0
2013-11-07,70,80,75.0
2013-11-10,50,60,55.0
2013-11-11,50,60,55.0
2013-11-12,70,80,75.0
2013-11-13,65,75,70.0
2013-11-14,56,65,60.5
2013-11-15,54,60,57.0
2013-11-16,60,70,65.0
2013-11-17,70,75,72.5
2013-11-18,60,70,65.0
2013-11-20,60,70,65.0
2013-11-21,55,65,60.0
2013-11-22,55,60,57.5
2013-11-24,50,60,55.0
2013-11-25,58,62,60.0
2013-11-26,60,70,65.0
2013-11-27,60,70,65.0
2013-11-28,55,60,57.5
2013-11-29,45,55,50.0
2013-12-01,45,50,47.5
2013-12-02,45,50,47.5
2013-12-03,40,50,45.0
2013-12-04,40,45,42.5
2013-12-05,25,30,27.5
2013-12-06,25,30,27.5
2013-12-08,25,30,27.5
2013-12-09,25,30,27.5
2013-12-10,30,35,32.5
2013-12-11,28,32,30.0
2013-12-12,25,30,27.5
2013-12-13,25,30,27.5
2013-12-15,22,28,25.0
2013-12-16,24,28,26.0
2013-12-18,22,28,25.0
2013-12-19,22,28,25.0
2013-12-20,22,26,24.0
2013-12-22,22,28,25.0
2013-12-23,25,30,27.5
2013-12-24,26,32,29.0
2013-12-26,32,38,35.0
2013-12-27,32,38,35.0
2013-12-29,32,36,34.0
2013-12-31,30,35,32.5
2014-01-01,30,35,32.5
2014-01-02,30,35,32.5
2014-01-03,30,35,32.5
2014-01-05,30,35,32.5
2014-01-06,30,35,32.5
2014-01-07,26,32,29.0
2014-01-08,30,35,32.5
2014-01-09,30,35,32.5
2014-01-10,30,35,32.5
2014-01-12,30,35,32.5
2014-01-13,30,35,32.5
2014-01-14,30,35,32.5
2014-01-16,32,36,34.0
2014-01-17,28,34,31.0
2014-01-19,24,28,26.0
2014-01-20,20,25,22.5
2014-01-21,18,25,21.5
2014-01-22,15,20,17.5
2014-01-23,16,22,19.0
2014-01-24,18,25,21.5
2014-01-26,18,20,19.0
2014-01-27,18,22,20.0
2014-01-28,18,24,21.0
2014-01-29,20,25,22.5
2014-02-02,20,25,22.5
2014-02-03,30,35,32.5
2014-02-04,30,35,32.5
2014-02-05,30,35,32.5
2014-02-06,28,34,31.0
2014-02-07,30,35,32.5
2014-02-08,32,36,34.0
2014-02-09,30,35,32.5
2014-02-10,25,30,27.5
2014-02-11,25,30,27.5
2014-02-12,25,30,27.5
2014-02-13,24,28,26.0
2014-02-14,25,30,27.5
2014-02-16,25,32,28.5
2014-02-17,28,32,30.0
2014-02-18,30,35,32.5
2014-02-20,34,38,36.0
2014-02-21,28,35,31.5
2014-02-23,25,30,27.5
2014-02-24,32,36,34.0
2014-02-25,30,35,32.5
2014-02-26,28,34,31.0
2014-02-28,32,38,35.0
2014-03-03,50,60,55.0
2014-03-05,45,52,48.5
2014-03-06,45,50,47.5
2014-03-07,45,50,47.5
2014-03-09,45,50,47.5
2014-03-10,40,45,42.5
2014-03-11,45,50,47.5
2014-03-12,45,50,47.5
2014-03-13,52,58,55.0
2014-03-14,52,58,55.0
2014-03-17,50,55,52.5
2014-03-18,30,36,33.0
2014-03-19,35,40,37.5
2014-03-20,40,45,42.5
2014-03-21,35,40,37.5
2014-03-23,25,30,27.5
2014-03-24,30,35,32.5
2014-03-25,35,40,37.5
2014-03-26,42,48,45.0
2014-03-27,40,45,42.5
2014-03-28,40,45,42.5
2014-03-31,35,45,40.0
2014-04-01,34,40,37.0
2014-04-02,36,45,40.5
2014-04-03,38,45,41.5
2014-04-04,38,45,41.5
2014-04-06,40,46,43.0
2014-04-07,40,45,42.5
2014-04-09,38,42,40.0
2014-04-10,30,40,35.0
2014-04-11,40,45,42.5
2014-04-13,45,50,47.5
2014-04-15,40,45,42.5
2014-04-16,38,42,40.0
2014-04-17,35,40,37.5
2014-04-18,34,36,35.0
2014-04-20,35,40,37.5
2014-04-21,30,35,32.5
2014-04-22,35,40,37.5
2014-04-23,32,36,34.0
2014-04-25,30,35,32.5
2014-04-27,32,36,34.0
2014-04-28,32,36,34.0
2014-04-29,28,32,30.0
2014-04-30,30,35,32.5
2014-05-02,28,32,30.0
2014-05-04,25,30,27.5
2014-05-05,18,24,21.0
2014-05-06,15,20,17.5
2014-05-07,12,15,13.5
2014-05-08,14,18,16.0
2014-05-09,15,20,17.5
2014-05-11,15,20,17.5
2014-05-12,24,28,26.0
2014-05-13,24,28,26.0
2014-05-15,20,25,22.5
2014-05-16,30,35,32.5
2014-05-18,25,30,27.5
2014-05-19,22,26,24.0
2014-05-20,20,25,22.5
2014-05-21,15,20,17.5
2014-05-22,14,18,16.0
2014-05-23,15,20,17.5
2014-05-25,16,22,19.0
2014-05-26,20,25,22.5
2014-05-27,20,25,22.5
2014-05-28,24,28,26.0
2014-05-30,20,25,22.5
2014-06-01,25,30,27.5
2014-06-02,28,32,30.0
2014-06-03,30,35,32.5
2014-06-04,35,40,37.5
2014-06-05,44,48,46.0
2014-06-06,40,45,42.5
2014-06-08,40,45,42.5
2014-06-09,35,40,37.5
2014-06-10,30,36,33.0
2014-06-11,26,32,29.0
2014-06-12,24,30,27.0
2014-06-13,25,30,27.5
2014-06-15,22,26,24.0
2014-06-16,18,22,20.0
2014-06-17,18,22,20.0
2014-06-18,15,20,17.5
2014-06-19,14,18,16.0
2014-06-20,14,20,17.0
2014-06-23,18,20,19.0
2014-06-24,14,18,16.0
2014-06-25,18,22,20.0
2014-06-26,18,24,21.0
2014-06-27,22,28,25.0
2014-06-29,20,25,22.5
2014-06-30,16,20,18.0
2014-07-01,16,20,18.0
2014-07-02,14,18,16.0
2014-07-03,15,20,17.5
2014-07-04,14,18,16.0
2014-07-05,14,18,16.0
2014-07-06,14,16,15.0
2014-07-07,14,18,16.0
2014-07-08,12,16,14.0
2014-07-09,12,16,14.0
2014-07-10,12,16,14.0
2014-07-11,12,16,14.0
2014-07-12,10,14,12.0
2014-07-13,12,18,15.0
2014-07-14,10,15,12.5
2014-07-15,10,15,12.5
2014-07-16,10,15,12.5
2014-07-17,12,15,13.5
2014-07-18,15,20,17.5
2014-07-19,15,20,17.5
2014-07-20,18,20,19.0
2014-07-21,15,20,17.5
2014-07-22,15,20,17.5
2014-07-23,15,20,17.5
2014-07-24,25,28,26.5
2014-07-25,28,30,29.0
2014-07-26,35,40,37.5
2014-07-27,35,40,37.5
2014-07-28,34,38,36.0
2014-07-29,32,36,34.0
2014-07-30,30,35,32.5
2014-07-31,34,36,35.0
2014-08-01,32,36,34.0
2014-08-02,32,36,34.0
2014-08-03,30,34,32.0
2014-08-04,28,34,31.0
2014-08-05,28,32,30.0
2014-08-06,28,32,30.0
2014-08-07,30,34,32.0
2014-08-08,24,28,26.0
2014-08-09,24,28,26.0
2014-08-10,22,26,24.0
2014-08-11,26,30,28.0
2014-08-12,24,28,26.0
2014-08-13,25,28,26.5
2014-08-14,25,28,26.5
2014-08-15,28,32,30.0
2014-08-16,32,36,34.0
2014-08-17,30,34,32.0
2014-08-18,34,38,36.0
2014-08-19,35,40,37.5
2014-08-20,42,46,44.0
2014-08-21,50,55,52.5
2014-08-22,50,55,52.5
2014-08-23,44,48,46.0
2014-08-24,50,55,52.5
2014-08-25,52,56,54.0
2014-08-26,60,65,62.5
2014-08-27,58,64,61.0
2014-08-28,52,56,54.0
2014-08-29,54,58,56.0
2014-08-31,40,55,47.5
2014-09-01,38,44,41.0
2014-09-02,38,42,40.0
2014-09-03,36,42,39.0
2014-09-04,35,40,37.5
2014-09-05,28,35,31.5
2014-09-06,28,34,31.0
2014-09-07,22,30,26.0
2014-09-08,25,30,27.5
2014-09-09,22,28,25.0
2014-09-10,22,26,24.0
2014-09-11,25,30,27.5
2014-09-12,28,32,30.0
2014-09-13,25,28,26.5
2014-09-14,30,35,32.5
2014-09-15,46,52,49.0
2014-09-16,46,52,49.0
2014-09-17,45,50,47.5
2014-09-18,46,52,49.0
2014-09-19,50,60,55.0
2014-09-20,55,65,60.0
2014-09-21,60,75,67.5
2014-09-22,55,60,57.5
2014-09-23,50,55,52.5
2014-09-24,50,60,55.0
2014-09-26,42,48,45.0
2014-09-28,44,49,46.5
2014-09-29,50,55,52.5
2014-09-30,55,65,60.0
2014-10-08,30,35,32.5
2014-10-09,28,35,31.5
2014-10-10,30,36,33.0
2014-10-12,32,36,34.0
2014-10-13,35,40,37.5
2014-10-14,48,55,51.5
2014-10-15,60,65,62.5
2014-10-16,55,65,60.0
2014-10-17,55,65,60.0
2014-10-19,45,50,47.5
2014-10-20,45,50,47.5
2014-10-21,50,55,52.5
2014-10-22,55,60,57.5
2014-10-23,50,58,54.0
2014-10-24,42,58,50.0
2014-10-25,36,58,47.0
2014-10-26,25,30,27.5
2014-10-27,30,35,32.5
2014-10-28,35,40,37.5
2014-10-29,25,30,27.5
2014-10-30,24,28,26.0
2014-10-31,28,34,31.0
2014-11-01,28,32,30.0
2014-11-02,26,30,28.0
2014-11-03,28,32,30.0
2014-11-04,30,36,33.0
2014-11-05,30,35,32.5
2014-11-06,28,34,31.0
2014-11-07,30,35,32.5
2014-11-08,30,35,32.5
2014-11-09,28,34,31.0
2014-11-10,22,28,25.0
2014-11-11,24,28,26.0
2014-11-12,18,24,21.0
2014-11-13,18,22,20.0
2014-11-14,18,22,20.0
2014-11-15,18,22,20.0
2014-11-16,18,22,20.0
2014-11-17,16,20,18.0
2014-11-18,15,20,17.5
2014-11-19,18,20,19.0
2014-11-20,15,20,17.5
2014-11-21,16,20,18.0
2014-11-22,20,24,22.0
2014-11-23,20,26,23.0
2014-11-24,18,25,21.5
2014-11-25,20,25,22.5
2014-11-26,25,30,27.5
2014-11-27,28,35,31.5
2014-11-28,28,32,30.0
2014-11-29,28,32,30.0
2014-11-30,28,35,31.5
2014-12-01,22,28,25.0
2014-12-02,25,30,27.5
2014-12-03,25,30,27.5
2014-12-04,28,30,29.0
2014-12-05,28,32,30.0
2014-12-06,30,34,32.0
2014-12-07,30,34,32.0
2014-12-08,30,35,32.5
2014-12-09,32,35,33.5
2014-12-10,30,34,32.0
2014-12-11,25,30,27.5
2014-12-12,22,26,24.0
2014-12-13,18,22,20.0
2014-12-14,17,22,19.5
2014-12-15,22,28,25.0
2014-12-16,24,30,27.0
2014-12-17,32,36,34.0
2014-12-18,34,40,37.0
2014-12-19,30,35,32.5
2014-12-21,25,30,27.5
2014-12-22,25,35,30.0
2014-12-23,40,45,42.5
2014-12-24,35,45,40.0
2014-12-25,35,45,40.0
2014-12-26,38,44,41.0
2014-12-27,40,45,42.5
2014-12-28,35,40,37.5
2014-12-29,40,45,42.5
2014-12-30,40,45,42.5
2014-12-31,34,38,36.0
2015-01-01,32,36,34.0
2015-01-02,35,40,37.5
2015-01-03,40,45,42.5
2015-01-04,30,36,33.0
2015-01-05,30,40,35.0
2015-01-06,30,36,33.0
2015-01-07,25,30,27.5
2015-01-08,25,30,27.5
2015-01-09,16,22,19.0
2015-01-11,20,25,22.5
2015-01-12,18,22,20.0
2015-01-13,20,25,22.5
2015-01-14,20,25,22.5
2015-01-15,25,30,27.5
2015-01-16,28,32,30.0
2015-01-17,25,30,27.5
2015-01-18,26,30,28.0
2015-01-19,25,30,27.5
2015-01-20,25,30,27.5
2015-01-21,25,30,27.5
2015-01-22,25,30,27.5
2015-01-23,25,30,27.5
2015-01-25,22,24,23.0
2015-01-26,22,28,25.0
2015-01-27,20,22,21.0
2015-01-28,16,20,18.0
2015-01-29,15,20,17.5
2015-01-31,15,20,17.5
2015-02-01,14,18,16.0
2015-02-02,15,20,17.5
2015-02-03,18,22,20.0
2015-02-04,14,18,16.0
2015-02-05,14,18,16.0
2015-02-06,14,18,16.0
2015-02-07,16,20,18.0
2015-02-08,16,20,18.0
2015-02-09,15,20,17.5
2015-02-10,16,20,18.0
2015-02-11,15,20,17.5
2015-02-12,15,18,16.5
2015-02-13,16,20,18.0
2015-02-14,15,18,16.5
2015-02-15,15,18,16.5
2015-02-16,15,20,17.5
2015-02-18,12,16,14.0
2015-02-19,12,18,15.0
2015-02-20,12,16,14.0
2015-02-22,14,18,16.0
2015-02-23,14,18,16.0
2015-02-24,12,16,14.0
2015-02-25,14,18,16.0
2015-02-26,12,16,14.0
2015-02-27,12,18,15.0
2015-03-01,16,20,18.0
2015-03-02,16,20,18.0
2015-03-03,18,22,20.0
2015-03-06,18,24,21.0
2015-03-09,16,20,18.0
2015-03-10,16,20,18.0
2015-03-11,38,40,39.0
2015-03-12,30,36,33.0
2015-03-13,30,36,33.0
2015-03-14,30,35,32.5
2015-03-15,30,35,32.5
2015-03-16,40,44,42.0
2015-03-17,40,45,42.5
2015-03-18,40,45,42.5
2015-03-19,50,60,55.0
2015-03-20,50,60,55.0
2015-03-21,50,60,55.0
2015-03-22,50,60,55.0
2015-03-23,50,55,52.5
2015-03-24,50,55,52.5
2015-03-25,45,50,47.5
2015-03-26,40,50,45.0
2015-03-27,50,60,55.0
2015-03-28,50,55,52.5
2015-03-29,50,52,51.0
2015-03-30,50,55,52.5
2015-03-31,35,40,37.5
2015-04-01,28,30,29.0
2015-04-02,34,36,35.0
2015-04-03,30,35,32.5
2015-04-04,30,35,32.5
2015-04-05,30,35,32.5
2015-04-06,28,32,30.0
2015-04-07,25,30,27.5
2015-04-08,30,35,32.5
2015-04-10,40,45,42.5
2015-04-12,35,40,37.5
2015-04-13,32,35,33.5
2015-04-14,35,40,37.5
2015-04-15,30,35,32.5
2015-04-16,30,35,32.5
2015-04-17,30,35,32.5
2015-04-18,30,35,32.5
2015-04-19,30,35,32.5
2015-04-20,20,25,22.5
2015-04-21,30,35,32.5
2015-04-22,25,30,27.5
2015-04-23,30,35,32.5
2015-04-24,50,55,52.5
2015-04-25,50,60,55.0
2015-04-26,35,40,37.5
2015-04-27,35,35,35.0
2015-04-28,50,55,52.5
2015-04-29,55,60,57.5
2015-04-30,30,35,32.5
2015-05-01,30,35,32.5
2015-05-02,25,30,27.5
2015-05-03,12,15,13.5
2015-05-04,30,35,32.5
2015-05-05,45,50,47.5
2015-05-06,60,65,62.5
2015-05-07,55,60,57.5
2015-05-08,50,60,55.0
2015-05-10,50,55,52.5
2015-05-11,50,52,51.0
2015-05-12,40,45,42.5
2015-05-13,35,40,37.5
2015-05-14,35,40,37.5
2015-05-15,30,40,35.0
2015-05-16,30,36,33.0
2015-05-17,30,35,32.5
2015-05-18,30,35,32.5
2015-05-19,30,35,32.5
2015-05-20,35,40,37.5
2015-05-21,35,40,37.5
2015-05-22,60,65,62.5
2015-05-23,65,75,70.0
2015-05-24,70,75,72.5
2015-05-25,70,75,72.5
2015-05-26,70,75,72.5
2015-05-27,70,75,72.5
2015-05-28,70,75,72.5
2015-05-29,70,75,72.5
2015-05-30,70,80,75.0
2015-05-31,60,65,62.5
2015-06-01,50,55,52.5
2015-06-02,50,55,52.5
2015-06-03,55,60,57.5
2015-06-04,55,60,57.5
2015-06-05,55,60,57.5
2015-06-06,55,70,62.5
2015-06-07,40,45,42.5
2015-06-08,45,50,47.5
2015-06-09,45,50,47.5
2015-06-10,40,45,42.5
2015-06-11,50,55,52.5
2015-06-12,45,50,47.5
2015-06-13,45,55,50.0
2015-06-14,50,55,52.5
2015-06-15,38,43,40.5
2015-06-16,30,36,33.0
2015-06-17,38,40,39.0
2015-06-18,35,40,37.5
2015-06-19,35,40,37.5
2015-06-20,30,40,35.0
2015-06-21,35,40,37.5
2015-06-22,30,35,32.5
2015-06-23,34,38,36.0
2015-06-24,40,45,42.5
2015-06-25,35,43,39.0
2015-06-26,35,40,37.5
2015-06-27,30,50,40.0
2015-06-28,40,45,42.5
2015-06-29,40,50,45.0
2015-06-30,40,50,45.0
2015-07-01,40,50,45.0
2015-07-02,40,50,45.0
2015-07-03,35,40,37.5
2015-07-04,30,42,36.0
2015-07-05,40,50,45.0
2015-07-06,40,50,45.0
2015-07-07,50,60,55.0
2015-07-08,50,60,55.0
2015-07-09,50,60,55.0
2015-07-10,50,60,55.0
2015-07-11,50,60,55.0
2015-07-12,60,70,65.0
2015-07-13,60,70,65.0
2015-07-14,60,70,65.0
2015-07-15,50,60,55.0
2015-07-16,50,60,55.0
2015-07-17,50,60,55.0
2015-07-18,50,60,55.0
2015-07-19,50,60,55.0
2015-07-20,50,60,55.0
2015-07-21,60,70,65.0
2015-07-22,50,60,55.0
2015-07-23,50,60,55.0
2015-07-24,50,60,55.0
2015-07-25,40,50,45.0
2015-07-26,40,50,45.0
2015-07-27,40,50,45.0
2015-07-28,40,50,45.0
2015-07-29,45,55,50.0
2015-07-30,45,55,50.0
2015-07-31,45,55,50.0
2015-08-01,45,54,49.5
2015-08-02,50,60,55.0
2015-08-03,50,60,55.0
2015-08-04,50,60,55.0
2015-08-05,50,60,55.0
2015-08-06,60,70,65.0
2015-08-07,60,68,64.0
2015-08-08,68,80,74.0
2015-08-09,70,80,75.0
2015-08-10,70,75,72.5
2015-08-11,60,70,65.0
2015-08-12,60,70,65.0
2015-08-13,50,60,55.0
2015-08-14,45,55,50.0
2015-08-15,44,50,47.0
2015-08-16,40,50,45.0
2015-08-17,40,50,45.0
2015-08-18,40,50,45.0
2015-08-19,35,45,40.0
2015-08-20,35,40,37.5
2015-08-21,35,40,37.5
2015-08-22,30,40,35.0
2015-08-23,35,40,37.5
2015-08-24,35,40,37.5
2015-08-25,40,50,45.0
2015-08-26,40,50,45.0
2015-08-27,50,60,55.0
2015-08-28,55,60,57.5
2015-08-29,50,55,52.5
2015-08-30,45,50,47.5
2015-08-31,40,45,42.5
2015-09-01,35,40,37.5
2015-09-02,30,40,35.0
2015-09-03,30,40,35.0
2015-09-04,30,35,32.5
2015-09-05,28,30,29.0
2015-09-06,30,35,32.5
2015-09-07,28,35,31.5
2015-09-08,28,35,31.5
2015-09-09,25,30,27.5
2015-09-10,25,30,27.5
2015-09-11,25,30,27.5
2015-09-12,24,28,26.0
2015-09-13,30,40,35.0
2015-09-14,35,45,40.0
2015-09-15,28,35,31.5
2015-09-16,25,35,30.0
2015-09-17,25,30,27.5
2015-09-18,25,35,30.0
2015-09-19,20,26,23.0
2015-09-20,25,30,27.5
2015-09-21,15,25,20.0
2015-09-22,20,25,22.5
2015-09-23,25,35,30.0
2015-09-24,20,30,25.0
2015-09-25,20,30,25.0
2015-09-26,18,26,22.0
2015-09-27,25,30,27.5
2015-09-28,20,30,25.0
2015-09-29,20,25,22.5
2015-09-30,20,30,25.0
2015-10-01,20,30,25.0
2015-10-02,20,25,22.5
2015-10-03,16,24,20.0
2015-10-04,20,25,22.5
2015-10-05,15,20,17.5
2015-10-06,15,20,17.5
2015-10-07,20,25,22.5
2015-10-08,20,25,22.5
2015-10-09,20,25,22.5
2015-10-10,18,25,21.5
2015-10-11,20,25,22.5
2015-10-12,20,30,25.0
2015-10-13,20,25,22.5
2015-10-14,15,25,20.0
2015-10-15,15,25,20.0
2015-10-16,15,25,20.0
2015-10-17,12,16,14.0
2015-10-18,15,20,17.5
2015-10-19,15,25,20.0
2015-10-20,15,20,17.5
2015-10-21,20,30,25.0
2015-10-22,40,50,45.0
2015-10-23,50,60,55.0
2015-10-24,30,35,32.5
2015-10-25,20,30,25.0
2015-10-26,20,25,22.5
2015-10-27,15,20,17.5
2015-10-28,10,20,15.0
2015-10-29,10,20,15.0
2015-10-30,40,50,45.0
2015-10-31,24,35,29.5
2015-11-01,20,30,25.0
2015-11-02,20,30,25.0
2015-11-03,25,30,27.5
2015-11-04,40,45,42.5
2015-11-05,40,50,45.0
2015-11-06,40,50,45.0
2015-11-07,44,55,49.5
2015-11-08,60,70,65.0
2015-11-09,50,60,55.0
2015-11-10,50,60,55.0
2015-11-11,60,70,65.0
2015-11-12,50,60,55.0
2015-11-13,55,60,57.5
2015-11-14,56,68,62.0
2015-11-15,90,100,95.0
2015-11-16,55,65,60.0
2015-11-17,45,55,50.0
2015-11-18,30,40,35.0
2015-11-19,35,45,40.0
2015-11-20,50,60,55.0
2015-11-21,50,56,53.0
2015-11-22,60,70,65.0
2015-11-23,70,75,72.5
2015-11-24,50,60,55.0
2015-11-25,60,70,65.0
2015-11-26,60,70,65.0
2015-11-27,60,70,65.0
2015-11-28,55,65,60.0
2015-11-29,50,65,57.5
2015-11-30,50,60,55.0
2015-12-01,50,60,55.0
2015-12-02,50,60,55.0
2015-12-03,50,60,55.0
2015-12-04,45,50,47.5
2015-12-05,42,52,47.0
2015-12-06,40,50,45.0
2015-12-07,45,55,50.0
2015-12-08,40,50,45.0
2015-12-09,50,55,52.5
2015-12-10,45,50,47.5
2015-12-11,45,50,47.5
2015-12-12,45,58,51.5
2015-12-13,45,50,47.5
2015-12-14,45,50,47.5
2015-12-15,45,55,50.0
2015-12-16,45,50,47.5
2015-12-17,40,50,45.0
2015-12-18,40,50,45.0
2015-12-19,35,45,40.0
2015-12-20,40,50,45.0
2015-12-21,40,50,45.0
2015-12-22,40,50,45.0
2015-12-23,40,50,45.0
2015-12-24,40,50,45.0
2015-12-25,45,52,48.5
2015-12-26,50,60,55.0
2015-12-27,40,50,45.0
2015-12-28,40,50,45.0
2015-12-29,40,50,45.0
2015-12-30,40,45,42.5
2015-12-31,40,50,45.0
2016-01-01,40,50,45.0
2016-01-02,35,44,39.5
2016-01-03,30,40,35.0
2016-01-04,30,40,35.0
2016-01-05,25,30,27.5
2016-01-06,20,30,25.0
2016-01-07,15,20,17.5
2016-01-08,15,20,17.5
2016-01-09,15,20,17.5
2016-01-10,15,20,17.5
2016-01-11,15,20,17.5
2016-01-12,15,20,17.5
2016-01-13,15,20,17.5
2016-01-14,15,20,17.5
2016-01-15,15,20,17.5
2016-01-16,15,24,19.5
2016-01-17,15,20,17.5
2016-01-18,15,20,17.5
2016-01-19,15,20,17.5
2016-01-20,15,20,17.5
2016-01-21,15,20,17.5
2016-01-22,15,20,17.5
2016-01-23,25,30,27.5
2016-01-24,20,30,25.0
2016-01-25,20,30,25.0
2016-01-26,18,25,21.5
2016-01-27,15,20,17.5
2016-01-28,15,20,17.5
2016-01-29,20,25,22.5
2016-01-30,20,25,22.5
2016-01-31,15,20,17.5
2016-02-01,20,30,25.0
2016-02-02,20,30,25.0
2016-02-03,20,30,25.0
2016-02-04,30,35,32.5
2016-02-05,25,30,27.5
2016-02-06,25,30,27.5
2016-02-07,20,30,25.0
2016-02-08,25,30,27.5
2016-02-09,20,25,22.5
2016-02-10,20,30,25.0
2016-02-11,25,30,27.5
2016-02-12,25,30,27.5
2016-02-13,20,25,22.5
2016-02-14,25,30,27.5
2016-02-15,25,30,27.5
2016-02-16,25,30,27.5
2016-02-17,25,30,27.5
2016-02-18,25,30,27.5
2016-02-19,25,30,27.5
2016-02-20,30,35,32.5
2016-02-21,20,30,25.0
2016-02-22,20,25,22.5
2016-02-23,20,30,25.0
2016-02-24,25,30,27.5
2016-02-25,20,30,25.0
2016-02-26,20,25,22.5
2016-02-27,20,24,22.0
2016-02-28,20,25,22.5
2016-02-29,20,30,25.0
2016-03-01,20,25,22.5
2016-03-02,25,30,27.5
2016-03-04,25,30,27.5
2016-03-05,30,35,32.5
2016-03-06,30,40,35.0
2016-03-07,25,32,28.5
2016-03-08,25,28,26.5
2016-03-09,20,25,22.5
2016-03-10,25,30,27.5
2016-03-11,25,30,27.5
2016-03-12,28,35,31.5
2016-03-13,25,30,27.5
2016-03-15,35,40,37.5
2016-03-16,35,40,37.5
2016-03-17,30,40,35.0
2016-03-18,35,40,37.5
2016-03-19,38,40,39.0
2016-03-20,40,45,42.5
2016-03-21,40,50,45.0
2016-03-22,40,50,45.0
2016-03-23,40,45,42.5
2016-03-24,40,50,45.0
2016-03-25,40,50,45.0
2016-03-26,37,42,39.5
2016-03-27,40,45,42.5
2016-03-28,40,45,42.5
2016-03-29,30,40,35.0
2016-03-30,30,35,32.5
2016-03-31,30,35,32.5
2016-04-01,25,30,27.5
2016-04-02,35,40,37.5
2016-04-03,30,35,32.5
2016-04-04,25,30,27.5
2016-04-05,25,30,27.5
2016-04-06,25,30,27.5
2016-04-07,25,30,27.5
2016-04-08,35,40,37.5
2016-04-09,28,35,31.5
2016-04-10,25,30,27.5
2016-04-11,25,30,27.5
2016-04-12,22,30,26.0
2016-04-13,25,30,27.5
2016-04-14,25,30,27.5
2016-04-15,25,30,27.5
2016-04-16,20,25,22.5
2016-04-17,20,25,22.5
2016-04-18,15,20,17.5
2016-04-19,15,20,17.5
2016-04-20,15,20,17.5
2016-04-21,15,20,17.5
2016-04-22,20,25,22.5
2016-04-23,25,30,27.5
2016-04-24,30,35,32.5
2016-04-25,30,40,35.0
2016-04-26,30,40,35.0
2016-04-27,35,45,40.0
2016-04-28,38,45,41.5
2016-04-29,45,50,47.5
2016-04-30,40,45,42.5
2016-05-01,30,42,36.0
2016-05-02,40,50,45.0
2016-05-03,40,50,45.0
2016-05-04,50,60,55.0
2016-05-05,60,70,65.0
2016-05-06,60,65,62.5
2016-05-07,60,65,62.5
2016-05-08,50,60,55.0
2016-05-09,50,60,55.0
2016-05-10,50,60,55.0
2016-05-11,50,60,55.0
2016-05-12,50,60,55.0
2016-05-13,50,60,55.0
2016-05-14,55,60,57.5
2016-05-15,60,65,62.5
2016-05-16,50,55,52.5
2016-05-17,50,60,55.0
2016-05-18,45,55,50.0
2016-05-19,55,65,60.0
2016-05-20,70,80,75.0
2016-05-21,60,70,65.0
2016-05-22,70,80,75.0
2016-05-23,70,80,75.0
2016-05-24,60,70,65.0
2016-05-25,50,60,55.0
2016-05-26,50,60,55.0
2016-05-27,50,60,55.0
2016-05-28,60,70,65.0
2016-05-29,50,60,55.0
2016-05-30,60,70,65.0
2016-05-31,60,70,65.0
2016-06-01,50,60,55.0
2016-06-02,60,70,65.0
2016-06-03,60,70,65.0
2016-06-04,50,60,55.0
2016-06-05,60,70,65.0
2016-06-06,70,80,75.0
2016-06-07,50,60,55.0
2016-06-08,50,60,55.0
2016-06-09,40,50,45.0
2016-06-10,50,60,55.0
2016-06-11,40,55,47.5
2016-06-12,50,60,55.0
2016-06-13,50,60,55.0
2016-06-14,35,45,40.0
2016-06-15,35,40,37.5
2016-06-16,30,38,34.0
2016-06-17,40,50,45.0
2016-06-18,25,40,32.5
2016-06-19,40,50,45.0
2016-06-20,40,50,45.0
2016-06-21,45,50,47.5
2016-06-22,50,60,55.0
2016-06-23,50,60,55.0
2016-06-24,40,50,45.0
2016-06-25,30,40,35.0
2016-06-26,50,60,55.0
2016-06-27,50,55,52.5
2016-06-28,60,70,65.0
2016-06-29,60,70,65.0
2016-06-30,60,70,65.0
2016-07-01,60,70,65.0
2016-07-02,65,70,67.5
2016-07-03,60,70,65.0
2016-07-04,60,70,65.0
2016-07-05,60,70,65.0
2016-07-06,60,70,65.0
2016-07-07,60,70,65.0
2016-07-08,60,70,65.0
2016-07-09,60,70,65.0
2016-07-10,60,70,65.0
2016-07-11,70,80,75.0
2016-07-12,60,70,65.0
2016-07-13,60,70,65.0
2016-07-14,65,70,67.5
2016-07-15,55,60,57.5
2016-07-16,55,60,57.5
2016-07-17,60,65,62.5
2016-07-18,55,60,57.5
2016-07-19,50,60,55.0
2016-07-20,50,60,55.0
2016-07-21,50,55,52.5
2016-07-22,55,65,60.0
2016-07-23,58,65,61.5
2016-07-24,60,70,65.0
2016-07-25,60,70,65.0
2016-07-26,80,90,85.0
2016-07-27,75,85,80.0
2016-07-28,70,80,75.0
2016-07-29,85,90,87.5
2016-07-30,80,85,82.5
2016-07-31,80,90,85.0
2016-08-01,75,80,77.5
2016-08-02,70,80,75.0
2016-08-03,70,75,72.5
2016-08-04,65,70,67.5
2016-08-05,65,70,67.5
2016-08-06,80,90,85.0
2016-08-07,70,75,72.5
2016-08-08,65,70,67.5
2016-08-09,60,70,65.0
2016-08-10,50,60,55.0
2016-08-11,50,60,55.0
2016-08-12,50,60,55.0
2016-08-13,50,60,55.0
2016-08-14,50,55,52.5
2016-08-15,45,55,50.0
2016-08-16,45,55,50.0
2016-08-17,45,55,50.0
2016-08-18,50,60,55.0
2016-08-19,75,80,77.5
2016-08-20,55,60,57.5
2016-08-21,50,60,55.0
2016-08-22,40,50,45.0
2016-08-23,40,50,45.0
2016-08-24,45,50,47.5
2016-08-25,50,55,52.5
2016-08-26,40,50,45.0
2016-08-27,40,48,44.0
2016-08-28,50,60,55.0
2016-08-29,45,55,50.0
2016-08-30,45,55,50.0
2016-08-31,45,55,50.0
2016-09-01,45,55,50.0
2016-09-02,45,55,50.0
2016-09-03,45,52,48.5
2016-09-04,45,55,50.0
2016-09-05,45,55,50.0
2016-09-06,40,50,45.0
2016-09-07,40,50,45.0
2016-09-08,35,45,40.0
2016-09-09,35,45,40.0
2016-09-10,38,45,41.5
2016-09-11,35,45,40.0
2016-09-12,35,45,40.0
2016-09-13,45,55,50.0
2016-09-14,40,50,45.0
2016-09-15,40,45,42.5
2016-09-16,45,55,50.0
2016-09-17,45,50,47.5
2016-09-18,50,60,55.0
2016-09-19,40,50,45.0
2016-09-20,45,55,50.0
2016-09-21,48,55,51.5
2016-09-22,40,50,45.0
2016-09-23,40,45,42.5
2016-09-24,45,50,47.5
2016-09-25,45,55,50.0
2016-09-26,50,60,55.0
2016-09-27,45,55,50.0
2016-09-28,45,55,50.0
2016-09-29,45,55,50.0
2016-09-30,50,60,55.0
2016-10-01,50,60,55.0
2016-10-02,60,70,65.0
2016-10-03,65,70,67.5
2016-10-04,70,80,75.0
2016-10-05,60,70,65.0
2016-10-06,65,75,70.0
2016-10-07,60,70,65.0
2016-10-08,60,70,65.0
2016-10-09,70,75,72.5
2016-10-10,65,75,70.0
2016-10-11,80,90,85.0
2016-10-12,60,70,65.0
2016-10-13,55,65,60.0
2016-10-14,50,60,55.0
2016-10-15,50,54,52.0
2016-10-16,55,65,60.0
2016-10-17,65,70,67.5
2016-10-18,70,80,75.0
2016-10-19,70,80,75.0
2016-10-20,75,80,77.5
2016-10-21,70,80,75.0
2016-10-22,50,55,52.5
2016-10-23,50,60,55.0
2016-10-24,60,70,65.0
2016-10-25,50,60,55.0
2016-10-26,40,50,45.0
2016-10-27,40,50,45.0
2016-10-28,40,50,45.0
2016-10-29,38,45,41.5
2016-10-30,35,45,40.0
2016-10-31,40,50,45.0
2016-11-01,40,50,45.0
2016-11-02,35,45,40.0
2016-11-03,35,45,40.0
2016-11-04,35,45,40.0
2016-11-05,30,40,35.0
2016-11-06,30,38,34.0
2016-11-07,30,40,35.0
2016-11-08,30,40,35.0
2016-11-09,30,40,35.0
2016-11-10,30,40,35.0
2016-11-11,35,40,37.5
2016-11-12,40,48,44.0
2016-11-13,30,40,35.0
2016-11-14,30,40,35.0
2016-11-15,30,40,35.0
2016-11-16,30,40,35.0
2016-11-17,25,35,30.0
2016-11-18,25,35,30.0
2016-11-19,25,30,27.5
2016-11-20,25,35,30.0
2016-11-21,25,35,30.0
2016-11-22,25,35,30.0
2016-11-23,30,40,35.0
2016-11-24,25,35,30.0
2016-11-25,30,40,35.0
2016-11-26,35,40,37.5
2016-11-27,30,40,35.0
2016-11-28,30,40,35.0
2016-11-29,30,40,35.0
2016-11-30,30,40,35.0
2016-12-01,25,35,30.0
2016-12-02,25,35,30.0
2016-12-03,28,35,31.5
2016-12-04,25,35,30.0
2016-12-05,25,35,30.0
2016-12-06,25,35,30.0
2016-12-07,30,40,35.0
2016-12-08,30,40,35.0
2016-12-09,30,40,35.0
2016-12-10,35,40,37.5
2016-12-11,30,40,35.0
2016-12-12,30,40,35.0
2016-12-13,30,40,35.0
2016-12-14,30,35,32.5
2016-12-15,30,35,32.5
2016-12-16,28,35,31.5
2016-12-17,30,35,32.5
2016-12-18,30,40,35.0
2016-12-19,30,40,35.0
2016-12-20,30,40,35.0
2016-12-21,30,40,35.0
2016-12-22,30,40,35.0
2016-12-23,30,35,32.5
2016-12-24,28,30,29.0
2016-12-25,25,35,30.0
2016-12-26,25,35,30.0
2016-12-27,20,25,22.5
2016-12-28,20,30,25.0
2016-12-29,20,30,25.0
2016-12-30,20,25,22.5
2016-12-31,20,25,22.5
2017-01-01,20,30,25.0
2017-01-02,20,30,25.0
2017-01-03,20,30,25.0
2017-01-04,20,30,25.0
2017-01-05,20,30,25.0
2017-01-06,20,30,25.0
2017-01-07,25,30,27.5
2017-01-08,20,30,25.0
2017-01-09,20,30,25.0
2017-01-10,20,25,22.5
2017-01-11,25,30,27.5
2017-01-12,20,30,25.0
2017-01-13,20,30,25.0
2017-01-14,20,25,22.5
2017-01-15,20,30,25.0
2017-01-16,20,30,25.0
2017-01-17,20,30,25.0
2017-01-18,40,50,45.0
2017-01-19,20,30,25.0
2017-01-20,20,25,22.5
2017-01-21,25,30,27.5
2017-01-22,20,30,25.0
2017-01-23,20,30,25.0
2017-01-24,20,30,25.0
2017-01-25,20,30,25.0
2017-01-26,15,25,20.0
2017-01-27,15,20,17.5
2017-01-28,20,25,22.5
2017-01-29,20,25,22.5
2017-01-30,18,24,21.0
2017-01-31,15,25,20.0
2017-02-01,15,25,20.0
2017-02-02,15,25,20.0
2017-02-03,15,25,20.0
2017-02-04,15,24,19.5
2017-02-05,10,20,15.0
2017-02-06,10,20,15.0
2017-02-07,10,20,15.0
2017-02-08,15,25,20.0
2017-02-09,15,20,17.5
2017-02-10,15,20,17.5
2017-02-11,15,20,17.5
2017-02-12,15,20,17.5
2017-02-13,15,20,17.5
2017-02-14,15,20,17.5
2017-02-15,15,20,17.5
2017-02-16,15,20,17.5
2017-02-17,15,20,17.5
2017-02-18,15,20,17.5
2017-02-19,15,20,17.5
2017-02-20,15,20,17.5
2017-02-21,15,20,17.5
2017-02-22,15,20,17.5
2017-02-23,15,20,17.5
2017-02-25,15,20,17.5
2017-02-26,15,20,17.5
2017-02-27,15,20,17.5
2017-02-28,20,25,22.5
2017-03-01,20,25,22.5
2017-03-02,20,25,22.5
2017-03-04,20,25,22.5
2017-03-05,25,30,27.5
2017-03-06,24,30,27.0
2017-03-07,25,30,27.5
2017-03-08,25,30,27.5
2017-03-09,25,30,27.5
2017-03-10,25,30,27.5
2017-03-11,25,30,27.5
2017-03-13,30,35,32.5
2017-03-14,30,35,32.5
2017-03-15,30,35,32.5
2017-03-16,25,30,27.5
2017-03-17,25,30,27.5
2017-03-18,28,32,30.0
2017-03-19,25,30,27.5
2017-03-20,25,30,27.5
2017-03-21,25,30,27.5
2017-03-22,25,30,27.5
2017-03-23,25,30,27.5
2017-03-24,25,30,27.5
2017-03-25,25,30,27.5
2017-03-26,25,30,27.5
2017-03-27,30,35,32.5
2017-03-28,35,40,37.5
2017-03-29,35,40,37.5
2017-03-30,30,35,32.5
2017-03-31,30,35,32.5
2017-04-01,30,35,32.5
2017-04-02,25,30,27.5
2017-04-03,30,35,32.5
2017-04-04,30,35,32.5
2017-04-05,30,35,32.5
2017-04-06,30,35,32.5
2017-04-07,30,35,32.5
2017-04-08,30,35,32.5
2017-04-09,30,35,32.5
2017-04-10,25,30,27.5
2017-04-11,20,28,24.0
2017-04-12,20,28,24.0
2017-04-13,24,30,27.0
2017-04-14,30,40,35.0
2017-04-15,30,35,32.5
2017-04-16,30,35,32.5
2017-04-17,30,35,32.5
2017-04-18,30,35,32.5
2017-04-19,30,35,32.5
2017-04-20,30,35,32.5
2017-04-21,25,30,27.5
2017-04-22,30,35,32.5
2017-04-23,30,35,32.5
2017-04-24,30,35,32.5
2017-04-25,25,30,27.5
2017-04-26,25,30,27.5
2017-04-27,25,30,27.5
2017-04-28,25,30,27.5
2017-04-29,25,30,27.5
2017-04-30,25,30,27.5
2017-05-01,25,30,27.5
2017-05-02,25,30,27.5
2017-05-03,30,35,32.5
2017-05-04,25,30,27.5
2017-05-05,25,30,27.5
2017-05-06,25,30,27.5
2017-05-07,25,30,27.5
2017-05-08,25,30,27.5
2017-05-09,25,30,27.5
2017-05-10,30,35,32.5
2017-05-11,35,40,37.5
2017-05-12,40,50,45.0
2017-05-13,35,45,40.0
2017-05-15,35,45,40.0
2017-05-16,40,50,45.0
2017-05-17,40,50,45.0
2017-05-18,40,45,42.5
2017-05-19,45,50,47.5
2017-05-20,45,50,47.5
2017-05-21,30,35,32.5
2017-05-22,30,35,32.5
2017-05-23,30,35,32.5
2017-05-24,30,35,32.5
2017-05-25,30,35,32.5
2017-05-26,30,35,32.5
2017-05-27,30,35,32.5
2017-05-28,30,35,32.5
2017-05-29,45,50,47.5
2017-05-30,30,35,32.5
2017-05-31,40,45,42.5
2017-06-01,40,45,42.5
2017-06-02,30,35,32.5
2017-06-03,30,38,34.0
2017-06-04,45,50,47.5
2017-06-05,50,55,52.5
2017-06-06,55,60,57.5
2017-06-07,60,65,62.5
2017-06-08,50,55,52.5
2017-06-09,50,55,52.5
2017-06-10,45,50,47.5
2017-06-11,45,50,47.5
2017-06-12,45,50,47.5
2017-06-13,45,50,47.5
2017-06-14,40,45,42.5
2017-06-15,40,45,42.5
2017-06-16,40,45,42.5
2017-06-17,40,45,42.5
2017-06-18,35,40,37.5
2017-06-19,35,40,37.5
2017-06-20,30,36,33.0
2017-06-21,30,35,32.5
2017-06-22,30,35,32.5
2017-06-23,30,35,32.5
2017-06-24,30,35,32.5
2017-06-25,30,35,32.5
2017-06-26,30,35,32.5
2017-06-27,30,35,32.5
2017-06-28,25,30,27.5
2017-06-29,25,30,27.5
2017-06-30,25,30,27.5
2017-07-01,25,30,27.5
2017-07-02,25,30,27.5
2017-07-03,24,28,26.0
2017-07-04,20,25,22.5
2017-07-05,20,25,22.5
2017-07-06,20,25,22.5
2017-07-07,20,25,22.5
2017-07-08,20,25,22.5
2017-07-09,20,25,22.5
2017-07-10,20,25,22.5
2017-07-11,20,25,22.5
2017-07-12,24,30,27.0
2017-07-13,28,32,30.0
2017-07-14,30,35,32.5
2017-07-15,27,33,30.0
2017-07-16,27,35,31.0
2017-07-17,30,35,32.5
2017-07-18,35,40,37.5
2017-07-19,35,40,37.5
2017-07-20,30,35,32.5
2017-07-21,30,35,32.5
2017-07-22,30,35,32.5
2017-07-23,30,35,32.5
2017-07-24,30,35,32.5
2017-07-25,30,35,32.5
2017-07-26,30,35,32.5
2017-07-27,45,50,47.5
2017-07-28,45,50,47.5
2017-07-29,45,50,47.5
2017-07-30,45,50,47.5
2017-07-31,45,50,47.5
2017-08-01,40,50,45.0
2017-08-02,40,50,45.0
2017-08-03,40,45,42.5
2017-08-04,40,50,45.0
2017-08-05,40,50,45.0
2017-08-06,40,50,45.0
2017-08-07,40,50,45.0
2017-08-08,50,55,52.5
2017-08-09,45,50,47.5
2017-08-10,45,50,47.5
2017-08-11,50,55,52.5
2017-08-12,50,55,52.5
2017-08-13,60,65,62.5
2017-08-14,70,75,72.5
2017-08-15,60,65,62.5
2017-08-16,70,75,72.5
2017-08-17,70,80,75.0
2017-08-18,75,80,77.5
2017-08-19,75,80,77.5
2017-08-20,75,80,77.5
2017-08-21,70,75,72.5
2017-08-22,70,75,72.5
2017-08-23,65,70,67.5
2017-08-24,50,55,52.5
2017-08-25,50,55,52.5
2017-08-26,50,55,52.5
2017-08-27,40,45,42.5
2017-08-28,38,43,40.5
2017-08-29,38,43,40.5
2017-08-30,35,40,37.5
2017-08-31,35,40,37.5
2017-09-01,30,35,32.5
2017-09-02,30,35,32.5
2017-09-03,32,35,33.5
2017-09-04,45,50,47.5
2017-09-05,45,50,47.5
2017-09-06,45,50,47.5
2017-09-07,45,50,47.5
2017-09-08,45,50,47.5
2017-09-09,45,50,47.5
2017-09-10,45,50,47.5
2017-09-11,45,50,47.5
2017-09-12,35,40,37.5
2017-09-13,35,40,37.5
2017-09-14,35,40,37.5
2017-09-15,35,45,40.0
2017-09-16,35,40,37.5
2017-09-17,35,40,37.5
2017-09-18,40,45,42.5
2017-09-20,45,50,47.5
2017-09-21,60,70,65.0
2017-09-22,65,75,70.0
2017-09-23,70,80,75.0
2017-09-24,60,65,62.5
2017-09-25,55,65,60.0
2017-09-26,55,60,57.5
2017-09-27,55,60,57.5
2017-09-28,55,65,60.0
2017-09-29,50,55,52.5
2017-09-30,45,50,47.5
2017-10-01,35,40,37.5
2017-10-02,25,30,27.5
2017-10-03,20,25,22.5
2017-10-04,20,25,22.5
2017-10-05,20,25,22.5
2017-10-06,23,26,24.5
2017-10-07,23,26,24.5
2017-10-08,30,35,32.5
2017-10-09,45,55,50.0
2017-10-10,48,55,51.5
2017-10-11,58,65,61.5
2017-10-12,55,60,57.5
2017-10-13,55,60,57.5
2017-10-14,65,70,67.5
2017-10-15,52,60,56.0
2017-10-16,50,55,52.5
2017-10-17,45,55,50.0
2017-10-18,55,60,57.5
2017-10-19,55,60,57.5
2017-10-20,45,50,47.5
2017-10-21,65,70,67.5
2017-10-22,75,80,77.5
2017-10-23,58,62,60.0
2017-10-24,53,58,55.5
2017-10-25,45,50,47.5
2017-10-26,45,50,47.5
2017-10-27,70,75,72.5
2017-10-28,70,75,72.5
2017-10-29,65,70,67.5
2017-10-30,70,75,72.5
2017-10-31,70,75,72.5
2017-11-01,95,100,97.5
2017-11-02,90,95,92.5
2017-11-03,85,90,87.5
2017-11-04,70,78,74.0
2017-11-05,80,85,82.5
2017-11-06,70,75,72.5
2017-11-07,75,80,77.5
2017-11-08,80,85,82.5
2017-11-09,75,80,77.5
2017-11-10,75,80,77.5
2017-11-11,68,73,70.5
2017-11-12,75,80,77.5
2017-11-13,65,70,67.5
2017-11-14,75,80,77.5
2017-11-15,70,75,72.5
2017-11-16,60,65,62.5
2017-11-17,60,65,62.5
2017-11-18,65,70,67.5
2017-11-19,50,60,55.0
2017-11-20,45,50,47.5
2017-11-21,45,50,47.5
2017-11-22,50,55,52.5
2017-11-23,55,60,57.5
2017-11-24,60,65,62.5
2017-11-25,52,58,55.0
2017-11-26,55,60,57.5
2017-11-27,65,70,67.5
2017-11-28,60,65,62.5
2017-11-29,50,55,52.5
2017-11-30,55,60,57.5
2017-12-01,55,60,57.5
2017-12-02,55,60,57.5
2017-12-03,60,70,65.0
2017-12-04,70,75,72.5
2017-12-05,80,85,82.5
2017-12-06,70,75,72.5
2017-12-08,75,80,77.5
2017-12-09,75,80,77.5
2017-12-10,65,70,67.5
2017-12-11,65,70,67.5
2017-12-12,65,70,67.5
2017-12-13,55,60,57.5
2017-12-14,45,50,47.5
2017-12-15,40,45,42.5
2017-12-16,35,40,37.5
2017-12-17,35,40,37.5
2017-12-18,30,35,32.5
2017-12-19,25,30,27.5
2017-12-20,25,30,27.5
2017-12-27,25,30,27.5
2017-12-28,25,30,27.5
2017-12-29,20,25,22.5
2017-12-30,20,25,22.5
2017-12-31,20,25,22.5
2018-01-01,20,25,22.5
2018-01-02,25,30,27.5
2018-01-03,25,30,27.5
2018-01-04,25,30,27.5
2018-01-05,30,35,32.5
2018-01-06,35,40,37.5
2018-01-07,25,30,27.5
2018-01-08,30,35,32.5
2018-01-09,30,35,32.5
2018-01-10,30,35,32.5
2018-01-11,30,35,32.5
2018-01-12,40,45,42.5
2018-01-13,45,50,47.5
2018-01-14,45,50,47.5
2018-01-16,35,40,37.5
2018-01-17,40,45,42.5
2018-01-18,35,40,37.5
2018-01-19,35,40,37.5
2018-01-20,38,43,40.5
2018-01-21,30,35,32.5
2018-01-22,25,30,27.5
2018-01-23,20,25,22.5
2018-01-24,20,25,22.5
2018-01-25,20,25,22.5
2018-01-26,18,20,19.0
2018-01-27,15,20,17.5
2018-01-28,16,20,18.0
2018-01-29,15,20,17.5
2018-01-30,15,20,17.5
2018-01-31,15,20,17.5
2018-02-01,15,20,17.5
2018-02-02,12,15,13.5
2018-02-03,12,16,14.0
2018-02-04,20,25,22.5
2018-02-05,25,30,27.5
2018-02-06,25,30,27.5
2018-02-07,18,20,19.0
2018-02-08,18,20,19.0
2018-02-09,18,22,20.0
2018-02-10,18,20,19.0
2018-02-11,15,20,17.5
2018-02-12,15,20,17.5
2018-02-13,15,20,17.5
2018-02-14,20,25,22.5
2018-02-15,20,25,22.5
2018-02-16,25,30,27.5
2018-02-17,20,25,22.5
2018-02-18,25,30,27.5
2018-02-19,25,28,26.5
2018-02-20,25,30,27.5
2018-02-21,25,30,27.5
2018-02-22,20,25,22.5
2018-02-23,20,25,22.5
2018-02-24,20,25,22.5
2018-02-25,25,30,27.5
2018-02-26,30,35,32.5
2018-02-27,30,35,32.5
2018-02-28,30,35,32.5
2018-03-01,35,40,37.5
2018-03-02,33,36,34.5
2018-03-03,30,35,32.5
2018-03-05,30,35,32.5
2018-03-06,33,36,34.5
2018-03-07,30,35,32.5
2018-03-08,30,35,32.5
2018-03-09,30,35,32.5
2018-03-10,40,50,45.0
2018-03-11,25,30,27.5
2018-03-12,25,30,27.5
2018-03-13,25,30,27.5
2018-03-14,25,30,27.5
2018-03-15,25,30,27.5
2018-03-16,25,30,27.5
2018-03-17,25,30,27.5
2018-03-18,45,50,47.5
2018-03-19,50,55,52.5
2018-03-20,50,55,52.5
2018-03-21,50,55,52.5
2018-03-22,50,55,52.5
2018-03-23,50,55,52.5
2018-03-24,40,48,44.0
2018-03-25,40,45,42.5
2018-03-26,30,35,32.5
2018-03-27,30,35,32.5
2018-03-28,30,35,32.5
2018-03-29,30,35,32.5
2018-03-30,30,35,32.5
2018-03-31,30,35,32.5
2018-04-01,35,40,37.5
2018-04-02,40,45,42.5
2018-04-03,40,45,42.5
2018-04-04,35,40,37.5
2018-04-05,35,40,37.5
2018-04-06,30,35,32.5
2018-04-07,24,30,27.0
2018-04-08,28,33,30.5
2018-04-09,25,30,27.5
2018-04-10,25,30,27.5
2018-04-11,23,26,24.5
2018-04-12,28,33,30.5
2018-04-13,35,40,37.5
2018-04-14,30,35,32.5
2018-04-15,35,40,37.5
2018-04-16,28,33,30.5
2018-04-17,25,30,27.5
2018-04-18,20,25,22.5
2018-04-19,20,25,22.5
2018-04-20,25,30,27.5
2018-04-21,26,33,29.5
2018-04-22,28,33,30.5
2018-04-23,20,25,22.5
2018-04-24,20,25,22.5
2018-04-25,20,25,22.5
2018-04-26,20,25,22.5
2018-04-27,20,25,22.5
2018-04-28,22,26,24.0
2018-04-29,20,25,22.5
2018-04-30,25,30,27.5
2018-05-01,25,30,27.5
2018-05-02,30,35,32.5
2018-05-03,25,30,27.5
2018-05-04,25,30,27.5
2018-05-05,20,25,22.5
2018-05-06,20,25,22.5
2018-05-07,20,25,22.5
2018-05-08,20,25,22.5
2018-05-09,20,25,22.5
2018-05-10,20,25,22.5
2018-05-11,20,25,22.5
2018-05-12,20,25,22.5
2018-05-13,40,45,42.5
2018-05-14,40,45,42.5
2018-05-15,40,45,42.5
2018-05-16,35,40,37.5
2018-05-17,35,40,37.5
2018-05-18,25,30,27.5
2018-05-19,20,25,22.5
2018-05-20,25,30,27.5
2018-05-21,25,30,27.5
2018-05-22,25,30,27.5
2018-05-23,25,30,27.5
2018-05-24,40,45,42.5
2018-05-25,40,45,42.5
2018-05-26,35,40,37.5
2018-05-27,35,40,37.5
2018-05-28,40,45,42.5
2018-05-29,40,45,42.5
2018-05-30,44,50,47.0
2018-05-31,40,45,42.5
2018-06-01,35,40,37.5
2018-06-02,30,35,32.5
2018-06-03,40,45,42.5
2018-06-04,35,40,37.5
2018-06-05,35,40,37.5
2018-06-06,35,40,37.5
2018-06-07,35,40,37.5
2018-06-08,35,40,37.5
2018-06-09,40,48,44.0
2018-06-10,40,45,42.5
2018-06-11,40,45,42.5
2018-06-12,40,45,42.5
2018-06-13,30,38,34.0
2018-06-14,30,35,32.5
2018-06-15,30,35,32.5
2018-06-16,35,40,37.5
2018-06-17,30,35,32.5
2018-06-18,35,40,37.5
2018-06-19,25,30,27.5
2018-06-20,30,38,34.0
2018-06-21,35,40,37.5
2018-06-22,45,50,47.5
2018-06-23,40,45,42.5
2018-06-24,30,35,32.5
2018-06-25,35,40,37.5
2018-06-26,30,35,32.5
2018-06-27,28,33,30.5
2018-06-28,20,25,22.5
2018-06-29,18,20,19.0
2018-06-30,18,20,19.0
2018-07-01,18,22,20.0
2018-07-02,15,20,17.5
2018-07-03,18,22,20.0
2018-07-04,18,20,19.0
2018-07-05,18,20,19.0
2018-07-06,15,20,17.5
2018-07-07,20,25,22.5
2018-07-08,18,20,19.0
2018-07-09,25,30,27.5
2018-07-10,25,30,27.5
2018-07-11,25,30,27.5
2018-07-12,18,22,20.0
2018-07-13,15,20,17.5
2018-07-14,15,20,17.5
2018-07-15,12,17,14.5
2018-07-16,15,20,17.5
2018-07-17,20,25,22.5
2018-07-18,20,25,22.5
2018-07-19,20,25,22.5
2018-07-20,15,20,17.5
2018-07-21,15,20,17.5
2018-07-22,15,20,17.5
2018-07-23,15,20,17.5
2018-07-24,15,20,17.5
2018-07-25,15,20,17.5
2018-07-26,15,20,17.5
2018-07-27,15,20,17.5
2018-07-28,18,25,21.5
2018-07-29,19,23,21.0
2018-07-30,20,25,22.5
2018-07-31,25,30,27.5
2018-08-01,20,25,22.5
2018-08-02,20,25,22.5
2018-08-03,20,25,22.5
2018-08-04,20,25,22.5
2018-08-05,25,30,27.5
2018-08-06,33,36,34.5
2018-08-07,30,35,32.5
2018-08-08,33,35,34.0
2018-08-09,35,40,37.5
2018-08-10,43,47,45.0
2018-08-11,45,50,47.5
2018-08-12,38,40,39.0
2018-08-13,33,36,34.5
2018-08-14,30,35,32.5
2018-08-15,30,35,32.5
2018-08-16,25,30,27.5
2018-08-17,20,25,22.5
2018-08-18,25,30,27.5
2018-08-19,20,25,22.5
2018-08-20,25,30,27.5
2018-08-21,25,30,27.5
2018-08-22,25,30,27.5
2018-08-23,20,25,22.5
2018-08-24,20,25,22.5
2018-08-25,20,25,22.5
2018-08-26,15,20,17.5
2018-08-27,18,25,21.5
2018-08-28,20,25,22.5
2018-08-29,25,30,27.5
2018-08-30,30,35,32.5
2018-08-31,33,36,34.5
2018-09-01,35,40,37.5
2018-09-02,40,45,42.5
2018-09-03,43,47,45.0
2018-09-04,40,45,42.5
2018-09-05,40,47,43.5
2018-09-06,40,45,42.5
2018-09-07,40,45,42.5
2018-09-08,45,50,47.5
2018-09-09,45,50,47.5
2018-09-10,50,53,51.5
2018-09-11,45,50,47.5
2018-09-12,35,40,37.5
2018-09-13,35,40,37.5
2018-09-14,30,35,32.5
2018-09-15,30,35,32.5
2018-09-16,30,34,32.0
2018-09-17,30,35,32.5
2018-09-18,50,55,52.5
2018-09-19,45,50,47.5
2018-09-20,45,50,47.5
2018-09-21,40,45,42.5
2018-09-22,43,48,45.5
2018-09-23,48,52,50.0
2018-09-24,40,45,42.5
2018-09-25,40,45,42.5
2018-09-26,38,43,40.5
2018-09-27,35,40,37.5
2018-09-28,35,43,39.0
2018-09-29,40,45,42.5
2018-09-30,45,50,47.5
2018-10-01,43,48,45.5
2018-10-02,46,52,49.0
2018-10-03,48,53,50.5
2018-10-04,50,55,52.5
2018-10-05,58,66,62.0
2018-10-06,60,67,63.5
2018-10-07,70,80,75.0
2018-10-08,60,70,65.0
2018-10-09,60,68,64.0
2018-10-10,65,70,67.5
2018-10-11,60,70,65.0
2018-10-12,60,70,65.0
2018-10-13,60,65,62.5
2018-10-14,60,70,65.0
2018-10-15,65,70,67.5
2018-10-16,45,52,48.5
2018-10-17,45,52,48.5
2018-10-18,45,52,48.5
2018-10-19,50,58,54.0
2018-10-20,40,48,44.0
2018-10-21,35,40,37.5
2018-10-22,20,30,25.0
2018-10-23,20,25,22.5
2018-10-24,20,25,22.5
2018-10-25,25,30,27.5
2018-10-26,25,30,27.5
2018-10-27,25,30,27.5
2018-10-28,25,30,27.5
2018-10-29,34,38,36.0
2018-10-30,30,35,32.5
2018-10-31,35,45,40.0
2018-11-01,35,45,40.0
2018-11-02,35,40,37.5
2018-11-03,25,30,27.5
2018-11-04,25,30,27.5
2018-11-05,25,30,27.5
2018-11-06,22,28,25.0
2018-11-07,22,28,25.0
2018-11-08,20,25,22.5
2018-11-09,20,25,22.5
2018-11-10,20,25,22.5
2018-11-11,18,24,21.0
2018-11-12,20,28,24.0
2018-11-13,20,25,22.5
2018-11-14,20,25,22.5
2018-11-15,15,20,17.5
2018-11-16,12,20,16.0
2018-11-17,17,25,21.0
2018-11-18,15,25,20.0
2018-11-19,15,25,20.0
2018-11-20,18,25,21.5
2018-11-21,18,25,21.5
2018-11-22,20,25,22.5
2018-11-23,18,25,21.5
2018-11-24,18,20,19.0
2018-11-25,18,25,21.5
2018-11-26,16,22,19.0
2018-11-27,16,22,19.0
2018-11-28,16,24,20.0
2018-11-29,20,28,24.0
2018-11-30,18,24,21.0
2018-12-01,15,20,17.5
2018-12-02,20,25,22.5
2018-12-03,20,30,25.0
2018-12-04,20,25,22.5
2018-12-05,15,20,17.5
2018-12-06,12,20,16.0
2018-12-07,15,25,20.0
2018-12-08,18,24,21.0
2018-12-09,15,25,20.0
2018-12-10,20,25,22.5
2018-12-11,15,25,20.0
2018-12-12,20,25,22.5
2018-12-13,15,25,20.0
2018-12-14,20,25,22.5
2018-12-15,20,25,22.5
2018-12-16,20,25,22.5
2018-12-17,18,25,21.5
2018-12-18,15,25,20.0
2018-12-19,15,20,17.5
2018-12-20,15,20,17.5
2018-12-21,10,20,15.0
2018-12-22,18,22,20.0
2018-12-23,15,20,17.5
2018-12-24,15,20,17.5
2018-12-25,18,22,20.0
2018-12-26,15,20,17.5
2018-12-27,15,20,17.5
2018-12-28,15,20,17.5
2018-12-29,15,20,17.5
2018-12-30,15,20,17.5
2018-12-31,20,30,25.0
2019-01-01,20,25,22.5
2019-01-02,20,25,22.5
2019-01-03,20,25,22.5
2019-01-04,20,25,22.5
2019-01-05,22,28,25.0
2019-01-06,30,35,32.5
2019-01-07,30,35,32.5
2019-01-08,30,35,32.5
2019-01-09,30,35,32.5
2019-01-10,30,35,32.5
2019-01-11,30,35,32.5
2019-01-12,28,30,29.0
2019-01-13,30,35,32.5
2019-01-14,20,30,25.0
2019-01-15,30,35,32.5
2019-01-16,25,30,27.5
2019-01-17,22,28,25.0
2019-01-18,25,30,27.5
2019-01-19,20,25,22.5
2019-01-20,20,25,22.5
2019-01-21,20,25,22.5
2019-01-22,20,25,22.5
2019-01-23,18,22,20.0
2019-01-24,15,20,17.5
2019-01-25,15,20,17.5
2019-01-26,18,24,21.0
2019-01-27,15,20,17.5
2019-01-28,15,20,17.5
2019-01-29,20,25,22.5
2019-01-30,20,25,22.5
2019-01-31,20,25,22.5
2019-02-01,20,25,22.5
2019-02-02,20,25,22.5
2019-02-03,15,20,17.5
2019-02-04,15,20,17.5
2019-02-05,15,20,17.5
2019-02-06,15,20,17.5
2019-02-07,15,20,17.5
2019-02-08,20,25,22.5
2019-02-09,25,30,27.5
2019-02-10,30,35,32.5
2019-02-11,35,40,37.5
2019-02-12,25,35,30.0
2019-02-13,20,25,22.5
2019-02-14,20,25,22.5
2019-02-15,25,30,27.5
2019-02-16,25,30,27.5
2019-02-17,20,25,22.5
2019-02-18,20,25,22.5
2019-02-19,23,30,26.5
2019-02-20,25,30,27.5
2019-02-21,30,35,32.5
2019-02-22,30,35,32.5
2019-02-23,30,35,32.5
2019-02-24,30,35,32.5
2019-02-25,30,35,32.5
2019-02-26,30,35,32.5
2019-02-27,30,35,32.5
2019-02-28,30,35,32.5
2019-03-01,30,35,32.5
2019-03-02,35,40,37.5
2019-03-03,35,40,37.5
2019-03-05,35,40,37.5
2019-03-06,35,40,37.5
2019-03-07,40,45,42.5
2019-03-08,40,45,42.5
2019-03-09,40,45,42.5
2019-03-10,40,45,42.5
2019-03-11,40,45,42.5
2019-03-12,40,45,42.5
2019-03-13,40,45,42.5
2019-03-14,40,45,42.5
2019-03-15,55,60,57.5
2019-03-16,55,60,57.5
2019-03-17,50,55,52.5
2019-03-18,50,55,52.5
2019-03-19,50,55,52.5
2019-03-20,50,55,52.5
2019-03-21,50,55,52.5
2019-03-22,45,50,47.5
2019-03-23,55,60,57.5
2019-03-24,55,60,57.5
2019-03-25,55,60,57.5
2019-03-26,55,60,57.5
2019-03-27,45,50,47.5
2019-03-28,45,50,47.5
2019-03-29,35,40,37.5
2019-03-30,35,40,37.5
2019-03-31,28,33,30.5
2019-04-01,25,30,27.5
2019-04-02,25,30,27.5
2019-04-03,30,35,32.5
2019-04-04,40,45,42.5
2019-04-05,35,40,37.5
2019-04-06,35,40,37.5
2019-04-07,35,40,37.5
2019-04-08,35,40,37.5
2019-04-09,35,40,37.5
2019-04-10,35,40,37.5
2019-04-11,30,35,32.5
2019-04-12,30,35,32.5
2019-04-13,32,38,35.0
2019-04-14,30,35,32.5
2019-04-15,35,40,37.5
2019-04-16,30,35,32.5
2019-04-17,30,35,32.5
2019-04-18,35,40,37.5
2019-04-19,35,40,37.5
2019-04-20,40,45,42.5
2019-04-21,40,45,42.5
2019-04-22,40,45,42.5
2019-04-23,40,45,42.5
2019-04-24,38,43,40.5
2019-04-25,38,42,40.0
2019-04-26,38,40,39.0
2019-04-27,40,45,42.5
2019-04-28,45,50,47.5
2019-04-29,55,60,57.5
2019-04-30,70,75,72.5
2019-05-01,70,75,72.5
2019-05-02,65,70,67.5
2019-05-03,60,65,62.5
2019-05-04,60,65,62.5
2019-05-05,65,70,67.5
2019-05-06,65,70,67.5
2019-05-07,60,65,62.5
2019-05-08,65,70,67.5
2019-05-09,60,65,62.5
2019-05-10,65,70,67.5
2019-05-11,75,80,77.5
2019-05-12,85,90,87.5
2019-05-13,85,90,87.5
2019-05-14,85,90,87.5
2019-05-15,95,100,97.5
2019-05-16,75,80,77.5
2019-05-17,75,80,77.5
2019-05-18,75,80,77.5
2019-05-19,75,80,77.5
2019-05-20,75,80,77.5
2019-05-21,75,80,77.5
2019-05-22,80,90,85.0
2019-05-23,75,85,80.0
2019-05-24,75,80,77.5
2019-05-25,65,78,71.5
2019-05-26,65,75,70.0
2019-05-27,55,65,60.0
2019-05-28,55,65,60.0
2019-05-29,65,75,70.0
2019-05-30,70,80,75.0
2019-05-31,65,75,70.0
2019-06-01,65,70,67.5
2019-06-02,65,75,70.0
2019-06-03,65,70,67.5
2019-06-04,60,65,62.5
2019-06-05,40,48,44.0
2019-06-06,40,45,42.5
2019-06-07,40,45,42.5
2019-06-08,45,50,47.5
2019-06-09,40,45,42.5
2019-06-10,40,45,42.5
2019-06-11,40,45,42.5
2019-06-12,40,50,45.0
2019-06-13,45,50,47.5
2019-06-14,40,45,42.5
2019-06-15,40,45,42.5
2019-06-16,35,40,37.5
2019-06-17,35,40,37.5
2019-06-18,30,35,32.5
2019-06-19,30,35,32.5
2019-06-20,30,35,32.5
2019-06-21,20,25,22.5
2019-06-22,15,20,17.5
2019-06-23,15,20,17.5
2019-06-24,25,30,27.5
2019-06-25,25,30,27.5
2019-06-26,20,25,22.5
2019-06-27,20,25,22.5
2019-06-28,20,25,22.5
2019-06-29,20,25,22.5
2019-06-30,20,25,22.5
2019-07-01,20,25,22.5
2019-07-02,35,40,37.5
2019-07-03,28,34,31.0
2019-07-04,35,40,37.5
2019-07-05,38,42,40.0
2019-07-06,35,40,37.5
2019-07-07,40,45,42.5
2019-07-08,38,42,40.0
2019-07-09,35,40,37.5
2019-07-10,40,45,42.5
2019-07-11,50,55,52.5
2019-07-12,45,50,47.5
2019-07-13,60,66,63.0
2019-07-14,65,70,67.5
2019-07-15,65,70,67.5
2019-07-16,65,75,70.0
2019-07-17,70,80,75.0
2019-07-18,75,80,77.5
2019-07-19,65,70,67.5
2019-07-20,65,70,67.5
2019-07-21,65,70,67.5
2019-07-22,60,65,62.5
2019-07-23,50,60,55.0
2019-07-24,45,50,47.5
2019-07-25,40,45,42.5
2019-07-26,45,50,47.5
2019-07-27,40,45,42.5
2019-07-28,42,50,46.0
2019-07-29,45,50,47.5
2019-07-30,50,60,55.0
2019-07-31,58,62,60.0
2019-08-01,60,65,62.5
2019-08-02,60,65,62.5
2019-08-03,55,60,57.5
2019-08-04,55,60,57.5
2019-08-05,50,55,52.5
2019-08-06,50,55,52.5
2019-08-07,55,60,57.5
2019-08-08,60,65,62.5
2019-08-09,60,65,62.5
2019-08-10,58,65,61.5
2019-08-11,58,65,61.5
2019-08-12,58,65,61.5
2019-08-13,60,70,65.0
2019-08-14,60,65,62.5
2019-08-15,75,80,77.5
2019-08-16,75,80,77.5
2019-08-17,75,85,80.0
2019-08-18,80,86,83.0
2019-08-19,85,90,87.5
2019-08-20,90,95,92.5
2019-08-21,85,95,90.0
2019-08-22,80,90,85.0
2019-08-23,70,80,75.0
2019-08-24,70,75,72.5
2019-08-25,70,75,72.5
2019-08-26,70,80,75.0
2019-08-27,55,60,57.5
2019-08-28,50,55,52.5
2019-08-29,45,55,50.0
2019-08-30,50,55,52.5
2019-08-31,45,50,47.5
2019-09-01,40,50,45.0
2019-09-02,40,46,43.0
2019-09-03,40,47,43.5
2019-09-04,34,40,37.0
2019-09-05,30,35,32.5
2019-09-06,30,35,32.5
2019-09-07,30,35,32.5
2019-09-08,35,40,37.5
2019-09-09,45,50,47.5
2019-09-10,40,45,42.5
2019-09-11,40,45,42.5
2019-09-12,35,40,37.5
2019-09-13,35,40,37.5
2019-09-14,30,35,32.5
2019-09-15,30,35,32.5
2019-09-16,30,35,32.5
2019-09-17,30,35,32.5
2019-09-18,32,40,36.0
2019-09-19,35,40,37.5
2019-09-20,30,40,35.0
2019-09-21,35,40,37.5
2019-09-22,40,50,45.0
2019-09-23,50,57,53.5
2019-09-24,50,55,52.5
2019-09-25,40,50,45.0
2019-09-26,35,40,37.5
2019-09-27,30,40,35.0
2019-09-28,30,35,32.5
2019-09-29,35,40,37.5
2019-09-30,35,40,37.5
2019-10-01,35,40,37.5
2019-10-02,35,45,40.0
2019-10-03,40,45,42.5
2019-10-04,45,50,47.5
2019-10-05,45,50,47.5
2019-10-06,55,60,57.5
2019-10-08,65,70,67.5
2019-10-09,70,75,72.5
2019-10-10,35,40,37.5
2019-10-11,30,35,32.5
2019-10-12,30,35,32.5
2019-10-13,25,30,27.5
2019-10-14,30,35,32.5
2019-10-15,33,38,35.5
2019-10-16,38,45,41.5
2019-10-17,40,45,42.5
2019-10-18,45,50,47.5
2019-10-19,40,45,42.5
2019-10-20,48,53,50.5
2019-10-21,50,55,52.5
2019-10-22,50,60,55.0
2019-10-23,50,55,52.5
2019-10-24,55,60,57.5
2019-10-25,65,75,70.0
2019-10-26,75,80,77.5
2019-10-27,80,90,85.0
2019-10-28,60,70,65.0
2019-10-29,80,90,85.0
2019-10-30,115,120,117.5
2019-10-31,80,90,85.0
2019-11-01,80,90,85.0
2019-11-02,60,70,65.0
2019-11-03,60,65,62.5
2019-11-04,80,90,85.0
2019-11-05,85,90,87.5
2019-11-06,80,90,85.0
2019-11-07,70,80,75.0
2019-11-08,60,70,65.0
2019-11-09,60,70,65.0
2019-11-10,55,65,60.0
2019-11-11,45,55,50.0
2019-11-12,40,50,45.0
2019-11-13,35,45,40.0
2019-11-14,35,45,40.0
2019-11-15,35,45,40.0
2019-11-16,35,40,37.5
2019-11-17,35,40,37.5
2019-11-18,30,35,32.5
2019-11-19,30,40,35.0
2019-11-20,30,35,32.5
2019-11-21,30,40,35.0
2019-11-22,30,35,32.5
2019-11-23,30,40,35.0
2019-11-24,30,35,32.5
2019-11-25,25,35,30.0
2019-11-26,25,30,27.5
2019-11-27,20,30,25.0
2019-11-28,20,25,22.5
2019-11-29,20,28,24.0
2019-11-30,22,30,26.0
2019-12-01,30,35,32.5
2019-12-02,30,35,32.5
2019-12-03,30,35,32.5
2019-12-04,30,35,32.5
2019-12-05,35,45,40.0
2019-12-06,45,50,47.5
2019-12-07,45,50,47.5
2019-12-08,40,45,42.5
2019-12-09,40,50,45.0
2019-12-10,40,50,45.0
2019-12-11,35,45,40.0
2019-12-12,35,40,37.5
2019-12-13,38,45,41.5
2019-12-14,40,50,45.0
2019-12-15,50,55,52.5
2019-12-16,35,45,40.0
2019-12-17,30,40,35.0
2019-12-18,35,40,37.5
2019-12-19,20,30,25.0
2019-12-20,20,30,25.0
2019-12-21,20,25,22.5
2019-12-22,30,40,35.0
2019-12-23,35,40,37.5
2019-12-24,20,30,25.0
2019-12-25,20,30,25.0
2019-12-26,30,35,32.5
2019-12-27,20,30,25.0
2019-12-28,25,30,27.5
2019-12-29,25,30,27.5
2019-12-30,25,30,27.5
2019-12-31,40,45,42.5
2020-01-01,35,45,40.0
2020-01-02,40,50,45.0
2020-01-03,43,50,46.5
2020-01-04,45,55,50.0
2020-01-05,40,50,45.0
2020-01-06,40,50,45.0
2020-01-07,35,40,37.5
2020-01-08,35,40,37.5
2020-01-09,20,30,25.0
2020-01-10,25,35,30.0
2020-01-11,20,25,22.5
2020-01-12,25,30,27.5
2020-01-13,40,45,42.5
2020-01-14,35,40,37.5
2020-01-15,30,35,32.5
2020-01-16,20,30,25.0
2020-01-17,20,30,25.0
2020-01-18,25,30,27.5
2020-01-19,25,30,27.5
2020-01-20,25,30,27.5
2020-01-21,20,25,22.5
2020-01-22,20,30,25.0
2020-01-23,20,25,22.5
2020-01-24,14,20,17.0
2020-01-25,15,20,17.5
2020-01-26,20,25,22.5
2020-01-27,25,30,27.5
2020-01-28,15,25,20.0
2020-01-29,15,25,20.0
2020-01-30,15,25,20.0
2020-01-31,20,25,22.5
2020-02-01,15,20,17.5
2020-02-02,15,25,20.0
2020-02-03,15,20,17.5
2020-02-04,15,20,17.5
2020-02-05,22,25,23.5
2020-02-06,15,20,17.5
2020-02-07,15,20,17.5
2020-02-08,15,20,17.5
2020-02-09,15,20,17.5
2020-02-10,12,20,16.0
2020-02-11,10,15,12.5
2020-02-12,10,15,12.5
2020-02-13,10,15,12.5
2020-02-14,20,25,22.5
2020-02-15,20,25,22.5
2020-02-16,20,25,22.5
2020-02-17,20,25,22.5
2020-02-18,20,25,22.5
2020-02-19,14,20,17.0
2020-02-20,15,20,17.5
2020-02-21,12,20,16.0
2020-02-22,10,15,12.5
2020-02-23,15,20,17.5
2020-02-24,15,20,17.5
2020-02-25,15,20,17.5
2020-02-26,15,20,17.5
2020-02-27,20,25,22.5
2020-02-28,10,15,12.5
2020-02-29,12,20,16.0
2020-03-01,30,40,35.0
2020-03-02,25,30,27.5
2020-03-04,25,30,27.5
2020-03-05,25,30,27.5
2020-03-06,30,35,32.5
2020-03-07,40,45,42.5
2020-03-08,30,35,32.5
2020-03-09,25,30,27.5
2020-03-10,25,30,27.5
2020-03-11,25,30,27.5
2020-03-12,25,30,27.5
2020-03-13,30,35,32.5
2020-03-14,30,35,32.5
2020-03-15,35,40,37.5
2020-03-16,35,40,37.5
2020-03-17,35,40,37.5
2020-03-18,35,40,37.5
2020-03-19,35,40,37.5
2020-03-20,35,40,37.5
2020-03-21,35,40,37.5
2020-03-22,50,55,52.5
2020-03-23,55,60,57.5
2020-03-25,50,60,55.0
2020-03-26,75,80,77.5
2020-03-27,65,70,67.5
2020-03-28,65,70,67.5
2020-03-29,75,80,77.5
2020-03-30,80,85,82.5
2020-03-31,55,60,57.5
2020-04-01,45,50,47.5
2020-04-02,45,50,47.5
2020-04-03,35,40,37.5
2020-04-04,35,40,37.5
2020-04-05,35,40,37.5
2020-04-06,35,40,37.5
2020-04-07,45,50,47.5
2020-04-08,45,50,47.5
2020-04-22,20,25,22.5
2020-04-23,15,20,17.5
2020-04-24,20,25,22.5
2020-04-25,20,25,22.5
2020-04-26,20,25,22.5
2020-04-27,20,25,22.5
2020-04-28,20,25,22.5
2020-04-29,20,25,22.5
2020-04-30,20,25,22.5
2020-05-01,20,25,22.5
2020-05-02,20,25,22.5
2020-05-03,25,30,27.5
2020-05-04,25,30,27.5
2020-05-05,25,30,27.5
2020-05-06,30,35,32.5
2020-05-07,25,30,27.5
2020-05-08,25,30,27.5
2020-05-09,25,30,27.5
2020-05-10,30,35,32.5
2020-05-11,35,40,37.5
2020-05-12,35,40,37.5
2020-05-13,35,40,37.5
2020-05-14,35,40,37.5
2020-05-15,30,35,32.5
2020-05-16,30,35,32.5
2020-05-17,45,50,47.5
2020-05-18,40,45,42.5
2020-05-19,25,35,30.0
2020-05-20,30,35,32.5
2020-05-22,20,25,22.5
2020-05-23,15,20,17.5
2020-05-24,15,20,17.5
2020-05-25,15,20,17.5
2020-05-26,15,20,17.5
2020-05-27,15,20,17.5
2020-05-28,20,25,22.5
2020-05-29,20,25,22.5
2020-05-30,15,20,17.5
2020-05-31,10,15,12.5
2020-06-01,15,20,17.5
2020-06-02,10,15,12.5
2020-06-03,15,20,17.5
2020-06-04,15,20,17.5
2020-06-05,25,30,27.5
2020-06-06,35,40,37.5
2020-06-07,25,30,27.5
2020-06-08,30,35,32.5
2020-06-09,25,30,27.5
2020-06-10,25,30,27.5
2020-06-11,25,30,27.5
2020-06-12,25,30,27.5
2020-06-13,20,25,22.5
2020-06-14,25,30,27.5
2020-06-15,25,30,27.5
2020-06-16,25,30,27.5
2020-06-17,20,25,22.5
2020-06-18,22,25,23.5
2020-06-19,15,20,17.5
2020-06-20,15,20,17.5
2020-06-21,15,20,17.5
2020-06-22,15,20,17.5
2020-06-23,15,20,17.5
2020-06-24,15,20,17.5
2020-06-25,15,20,17.5
2020-06-26,25,30,27.5
2020-06-27,25,30,27.5
2020-06-28,25,30,27.5
2020-06-29,20,25,22.5
2020-06-30,20,25,22.5
2020-07-01,15,20,17.5
2020-07-02,10,15,12.5
2020-07-03,10,15,12.5
2020-07-04,10,15,12.5
2020-07-05,15,20,17.5
2020-07-06,15,20,17.5
2020-07-07,15,20,17.5
2020-07-08,15,20,17.5
2020-07-09,12,18,15.0
2020-07-10,12,18,15.0
2020-07-11,10,15,12.5
2020-07-13,10,15,12.5
2020-07-14,10,15,12.5
2020-07-15,10,15,12.5
2020-07-16,10,15,12.5
2020-07-17,12,18,15.0
2020-07-18,13,18,15.5
2020-07-19,12,18,15.0
2020-07-20,12,18,15.0
2020-07-21,15,20,17.5
2020-07-22,15,20,17.5
2020-07-23,15,20,17.5
2020-07-24,18,22,20.0
2020-07-25,25,30,27.5
2020-07-26,28,35,31.5
2020-07-27,35,40,37.5
2020-07-28,40,50,45.0
2020-07-29,40,45,42.5
2020-07-30,45,50,47.5
2020-07-31,45,50,47.5
2020-08-01,40,45,42.5
2020-08-02,40,45,42.5
2020-08-03,45,50,47.5
2020-08-04,40,45,42.5
2020-08-05,40,45,42.5
2020-08-06,40,45,42.5
2020-08-07,35,40,37.5
2020-08-08,35,40,37.5
2020-08-09,34,40,37.0
2020-08-10,30,35,32.5
2020-08-11,28,33,30.5
2020-08-12,25,30,27.5
2020-08-13,25,30,27.5
2020-08-14,25,30,27.5
2020-08-15,25,30,27.5
2020-08-16,25,30,27.5
2020-08-17,35,40,37.5
2020-08-18,45,50,47.5
2020-08-19,55,60,57.5
2020-08-20,65,70,67.5
2020-08-21,60,65,62.5
2020-08-22,60,65,62.5
2020-08-23,60,65,62.5
2020-08-24,50,60,55.0
2020-08-25,50,60,55.0
2020-08-26,40,50,45.0
2020-08-27,50,55,52.5
2020-08-28,75,80,77.5
2020-08-29,75,80,77.5
2020-08-30,70,75,72.5
2020-08-31,65,70,67.5
2020-09-01,45,50,47.5
2020-09-02,50,55,52.5
2020-09-03,50,60,55.0
2020-09-04,50,60,55.0
2020-09-05,50,60,55.0
2020-09-06,50,60,55.0
2020-09-07,45,50,47.5
2020-09-08,45,50,47.5
2020-09-09,40,45,42.5
2020-09-10,40,45,42.5
2020-09-11,40,45,42.5
2020-09-12,50,55,52.5
2020-09-13,50,60,55.0
2020-09-14,70,75,72.5
2020-09-15,75,80,77.5
2020-09-16,75,80,77.5
2020-09-17,90,100,95.0
2020-09-18,95,100,97.5
2020-09-19,80,85,82.5
2020-09-20,85,90,87.5
2020-09-21,80,85,82.5
2020-09-22,80,90,85.0
2020-09-23,80,85,82.5
2020-09-24,80,85,82.5
2020-09-25,85,90,87.5
2020-09-26,75,80,77.5
2020-09-27,65,70,67.5
2020-09-28,75,85,80.0
2020-09-29,90,95,92.5
2020-09-30,70,75,72.5
2020-10-01,60,65,62.5
2020-10-02,45,50,47.5
2020-10-03,45,50,47.5
2020-10-04,45,50,47.5
2020-10-05,35,40,37.5
2020-10-06,35,40,37.5
2020-10-07,35,40,37.5
2020-10-08,35,40,37.5
2020-10-09,40,45,42.5
2020-10-10,40,45,42.5
2020-10-11,45,50,47.5
2020-10-12,65,70,67.5
2020-10-13,75,80,77.5
2020-10-14,60,70,65.0
2020-10-15,55,60,57.5
2020-10-16,65,70,67.5
2020-10-17,60,70,65.0
2020-10-18,60,65,62.5
2020-10-19,55,60,57.5
2020-10-20,60,65,62.5
2020-10-21,70,80,75.0
2020-10-22,75,85,80.0
2020-10-23,70,80,75.0
2020-10-24,75,85,80.0
2020-10-25,100,115,107.5
2020-10-26,90,100,95.0
2020-10-27,70,80,75.0
2020-10-28,60,65,62.5
2020-10-29,45,55,50.0
2020-10-30,45,50,47.5
2020-10-31,50,55,52.5
2020-11-01,55,60,57.5
2020-11-02,45,55,50.0
2020-11-03,42,50,46.0
2020-11-04,55,62,58.5
2020-11-05,50,55,52.5
2020-11-06,42,50,46.0
2020-11-07,40,45,42.5
2020-11-08,35,40,37.5
2020-11-09,38,45,41.5
2020-11-10,35,42,38.5
2020-11-11,40,45,42.5
2020-11-12,42,50,46.0
2020-11-13,40,45,42.5
2020-11-14,35,40,37.5
2020-11-15,35,40,37.5
2020-11-16,40,50,45.0
2020-11-17,45,50,47.5
2020-11-18,50,60,55.0
2020-11-19,50,55,52.5
2020-11-20,40,45,42.5
2020-11-21,35,40,37.5
2020-11-22,30,40,35.0
2020-11-23,40,45,42.5
2020-11-24,40,45,42.5
2020-11-25,40,50,45.0
2020-11-26,40,50,45.0
2020-11-27,45,55,50.0
2020-11-28,45,52,48.5
2020-11-29,35,40,37.5
2020-11-30,40,45,42.5
2020-12-01,45,55,50.0
2020-12-02,48,55,51.5
2020-12-03,50,55,52.5
2020-12-04,45,55,50.0
2020-12-05,45,55,50.0
2020-12-06,45,50,47.5
2020-12-07,45,55,50.0
2020-12-08,45,55,50.0
2020-12-09,50,55,52.5
2020-12-10,55,65,60.0
2020-12-11,45,52,48.5
2020-12-12,50,55,52.5
2020-12-13,40,50,45.0
2020-12-14,35,45,40.0
2020-12-15,35,45,40.0
2020-12-16,35,40,37.5
2020-12-17,30,40,35.0
2020-12-18,30,40,35.0
2020-12-19,40,50,45.0
2020-12-20,40,50,45.0
2020-12-21,35,45,40.0
2020-12-22,40,50,45.0
2020-12-23,35,45,40.0
2020-12-24,45,55,50.0
2020-12-25,40,50,45.0
2020-12-26,45,55,50.0
2020-12-27,45,55,50.0
2020-12-28,50,55,52.5
2020-12-29,45,50,47.5
2020-12-30,45,50,47.5
2020-12-31,40,45,42.5
2021-01-01,40,45,42.5
2021-01-02,30,40,35.0
2021-01-03,35,40,37.5
2021-01-04,30,40,35.0
2021-01-05,30,35,32.5
2021-01-06,35,45,40.0
2021-01-07,30,40,35.0
2021-01-08,25,35,30.0
2021-01-09,15,25,20.0
2021-01-10,10,15,12.5
2021-01-11,12,18,15.0
2021-01-12,15,25,20.0
2021-01-13,15,25,20.0
2021-01-14,15,20,17.5
2021-01-15,15,20,17.5
2021-01-16,20,30,25.0
2021-01-17,15,20,17.5
2021-01-18,15,20,17.5
2021-01-19,12,18,15.0
2021-01-20,12,18,15.0
2021-01-21,10,20,15.0
2021-01-22,10,20,15.0
2021-01-23,10,20,15.0
2021-01-24,15,20,17.5
2021-01-25,14,18,16.0
2021-01-26,18,22,20.0
2021-01-27,20,25,22.5
2021-01-28,20,25,22.5
2021-01-29,12,20,16.0
2021-01-30,15,20,17.5
2021-01-31,15,20,17.5
2021-02-01,15,20,17.5
2021-02-02,12,20,16.0
2021-02-03,15,20,17.5
2021-02-06,15,20,17.5
2021-02-07,15,20,17.5
2021-02-08,15,20,17.5
2021-02-09,12,20,16.0
2021-02-10,15,20,17.5
2021-02-11,15,25,20.0
2021-02-12,12,16,14.0
2021-02-13,12,20,16.0
2021-02-14,15,20,17.5
2021-02-15,15,20,17.5
2021-02-16,15,20,17.5
2021-02-17,15,20,17.5
2021-02-18,15,20,17.5
2021-02-19,10,15,12.5
2021-02-20,8,15,11.5
2021-02-21,8,15,11.5
2021-02-22,10,15,12.5
2021-02-23,10,15,12.5
2021-02-24,15,20,17.5
2021-02-25,15,20,17.5
2021-02-26,15,20,17.5
2021-02-27,15,20,17.5
2021-02-28,15,20,17.5
2021-03-01,8,12,10.0
2021-03-02,10,15,12.5
2021-03-03,10,15,12.5
2021-03-05,12,15,13.5
2021-03-06,15,20,17.5
2021-03-07,15,20,17.5
2021-03-08,10,15,12.5
2021-03-09,10,15,12.5
2021-03-10,20,25,22.5
2021-03-11,20,25,22.5
2021-03-12,20,25,22.5
2021-03-13,15,20,17.5
2021-03-14,20,25,22.5
2021-03-15,25,30,27.5
2021-03-16,25,30,27.5
2021-03-17,15,20,17.5
2021-03-18,15,20,17.5
2021-03-19,25,30,27.5
2021-03-20,20,25,22.5
2021-03-21,20,25,22.5
2021-03-22,40,50,45.0
2021-03-23,40,50,45.0
2021-03-24,40,50,45.0
2021-03-25,30,40,35.0
2021-03-26,30,40,35.0
2021-03-27,40,50,45.0
2021-03-28,40,50,45.0
2021-03-29,45,50,47.5
2021-03-30,45,50,47.5
2021-03-31,45,50,47.5
2021-04-01,30,40,35.0
2021-04-02,30,40,35.0
2021-04-03,35,45,40.0
2021-04-04,45,50,47.5
2021-04-05,30,40,35.0
2021-04-06,30,35,32.5
2021-04-07,30,40,35.0
2021-04-08,30,40,35.0
2021-04-09,30,40,35.0
2021-04-10,30,40,35.0
2021-04-11,25,35,30.0
2021-04-12,25,35,30.0
2021-04-13,20,25,22.5
2021-04-14,20,25,22.5
2021-04-15,15,20,17.5
2021-04-16,15,20,17.5
2021-04-17,12,16,14.0
2021-04-18,15,20,17.5
2021-04-19,10,15,12.5
2021-04-20,10,15,12.5
2021-04-21,15,20,17.5
2021-04-22,10,15,12.5
2021-04-23,14,18,16.0
2021-04-24,10,15,12.5
2021-04-25,15,20,17.5
2021-04-26,10,15,12.5
2021-04-27,10,15,12.5
2021-04-28,15,20,17.5
2021-04-29,30,40,35.0
2021-04-30,20,25,22.5
2021-05-01,20,25,22.5
2021-05-02,25,30,27.5
2021-05-03,15,20,17.5
2021-05-04,10,15,12.5
2021-05-05,10,15,12.5
2021-05-06,10,15,12.5
2021-05-07,15,20,17.5
2021-05-08,10,15,12.5
2021-05-09,10,15,12.5
2021-05-10,10,15,12.5
2021-05-11,10,15,12.5
2021-05-12,30,35,32.5
2021-05-13,35,40,37.5
